Index,Cement (kg/m3),SF (kg/m3),BFS (kg/m3),FA (kg/m3),QP (kg/m3),LSP (kg/m3),NS (kg/m3),Fiber (kg/m3),Sand (kg/m3),Gravel (kg/m3),Water (kg/m3),SP (kg/m3),T (oC),RH (%),Age (days),Unnamed: 16,fc (MPa)
1,810.0,90.0,0.0,0.0,0.0,0.0,0.0,0.0,616.0,923,162.0,18.0,20,95,90,,170.0
2,810.0,90.0,0.0,0.0,0.0,0.0,0.0,0.0,616.0,923,162.0,18.0,20,95,90,,170.0
3,630.0,90.0,180.0,0.0,0.0,0.0,0.0,0.0,616.0,923,162.0,18.0,20,95,90,,169.0
4,630.0,90.0,180.0,0.0,0.0,0.0,0.0,0.0,616.0,923,126.0,18.0,20,95,90,,168.0
5,630.0,90.0,180.0,0.0,0.0,0.0,0.0,0.0,616.0,923,144.0,18.0,20,95,90,,172.0
6,630.0,90.0,180.0,0.0,0.0,0.0,0.0,0.0,616.0,923,162.0,18.0,20,95,90,,169.0
7,630.0,90.0,180.0,0.0,0.0,0.0,0.0,0.0,616.0,923,144.0,18.0,20,95,90,,172.0
8,450.0,90.0,180.0,0.0,0.0,180.0,0.0,0.0,616.0,923,144.0,18.0,20,95,90,,176.0
9,270.0,90.0,180.0,0.0,0.0,360.0,0.0,0.0,616.0,923,144.0,18.0,20,95,90,,150.0
10,630.0,70.0,0.0,0.0,0.0,0.0,0.0,0.0,715.0,1073,126.0,18.0,20,95,180,,167.0
11,810.0,90.0,0.0,0.0,0.0,0.0,0.0,0.0,616.0,923,162.0,18.0,20,95,180,,174.0
12,810.0,90.0,0.0,0.0,0.0,0.0,0.0,0.0,616.0,923,162.0,18.0,20,95,180,,174.0
13,630.0,90.0,180.0,0.0,0.0,0.0,0.0,0.0,616.0,923,162.0,18.0,20,95,180,,170.0
14,630.0,90.0,180.0,0.0,0.0,0.0,0.0,0.0,616.0,923,126.0,18.0,20,95,180,,168.0
15,630.0,90.0,180.0,0.0,0.0,0.0,0.0,0.0,616.0,923,144.0,18.0,20,95,180,,175.0
16,630.0,90.0,180.0,0.0,0.0,0.0,0.0,0.0,616.0,923,162.0,18.0,20,95,180,,170.0
17,630.0,90.0,180.0,0.0,0.0,0.0,0.0,0.0,616.0,923,144.0,18.0,20,95,180,,175.0
18,450.0,90.0,180.0,0.0,0.0,180.0,0.0,0.0,616.0,923,144.0,18.0,20,95,180,,179.0
19,630.0,70.0,0.0,0.0,0.0,0.0,0.0,0.0,715.0,1073,126.0,18.0,20,95,365,,169.0
20,810.0,90.0,0.0,0.0,0.0,0.0,0.0,0.0,616.0,923,162.0,18.0,20,95,365,,177.0
21,810.0,90.0,0.0,0.0,0.0,0.0,0.0,0.0,616.0,923,162.0,18.0,20,95,365,,177.0
22,630.0,90.0,180.0,0.0,0.0,0.0,0.0,0.0,616.0,923,162.0,18.0,20,95,365,,174.0
23,630.0,90.0,180.0,0.0,0.0,0.0,0.0,0.0,616.0,923,126.0,18.0,20,95,365,,168.0
24,450.0,50.0,0.0,0.0,0.0,0.0,0.0,0.0,797.0,1195,90.0,18.0,20,95,28,,131.0
25,630.0,70.0,0.0,0.0,0.0,0.0,0.0,0.0,715.0,1073,126.0,18.0,20,95,28,,135.0
26,810.0,90.0,0.0,0.0,0.0,0.0,0.0,0.0,616.0,923,162.0,18.0,20,95,28,,137.0
27,810.0,90.0,0.0,0.0,0.0,0.0,0.0,0.0,616.0,923,162.0,18.0,20,95,28,,137.0
28,630.0,90.0,180.0,0.0,0.0,0.0,0.0,0.0,616.0,923,126.0,18.0,20,95,28,,150.0
29,630.0,90.0,180.0,0.0,0.0,0.0,0.0,0.0,616.0,923,144.0,18.0,20,95,28,,142.0
30,630.0,90.0,180.0,0.0,0.0,0.0,0.0,0.0,616.0,923,144.0,18.0,20,95,28,,142.0
31,450.0,90.0,180.0,0.0,0.0,180.0,0.0,0.0,616.0,923,144.0,18.0,20,95,28,,150.0
32,270.0,90.0,180.0,0.0,0.0,360.0,0.0,0.0,616.0,923,144.0,18.0,20,95,28,,130.0
33,450.0,50.0,0.0,0.0,0.0,0.0,0.0,0.0,797.0,1195,90.0,18.0,20,95,56,,139.0
34,630.0,70.0,0.0,0.0,0.0,0.0,0.0,0.0,715.0,1073,126.0,18.0,20,95,56,,146.0
35,810.0,90.0,0.0,0.0,0.0,0.0,0.0,0.0,616.0,923,162.0,18.0,20,95,56,,150.0
36,810.0,90.0,0.0,0.0,0.0,0.0,0.0,0.0,616.0,923,162.0,18.0,20,95,56,,150.0
37,630.0,90.0,180.0,0.0,0.0,0.0,0.0,0.0,616.0,923,162.0,18.0,20,95,56,,141.0
38,450.0,90.0,360.0,0.0,0.0,0.0,0.0,0.0,616.0,923,162.0,18.0,20,95,56,,133.0
39,630.0,90.0,180.0,0.0,0.0,0.0,0.0,0.0,616.0,923,126.0,18.0,20,95,56,,159.0
40,630.0,90.0,180.0,0.0,0.0,0.0,0.0,0.0,616.0,923,144.0,18.0,20,95,56,,160.0
41,630.0,90.0,180.0,0.0,0.0,0.0,0.0,0.0,616.0,923,162.0,18.0,20,95,56,,141.0
42,630.0,90.0,180.0,0.0,0.0,0.0,0.0,0.0,616.0,923,144.0,18.0,20,95,56,,160.0
43,450.0,90.0,180.0,0.0,0.0,180.0,0.0,0.0,616.0,923,144.0,18.0,20,95,56,,161.0
44,450.0,50.0,0.0,0.0,0.0,0.0,0.0,0.0,797.0,1195,90.0,18.0,20,95,90,,151.0
45,630.0,70.0,0.0,0.0,0.0,0.0,0.0,0.0,715.0,1073,126.0,18.0,20,95,90,,160.0
46,630.0,90.0,180.0,0.0,0.0,0.0,0.0,0.0,616.0,923,144.0,18.0,20,95,365,,178.0
47,630.0,90.0,180.0,0.0,0.0,0.0,0.0,0.0,616.0,923,162.0,18.0,20,95,365,,174.0
48,630.0,90.0,180.0,0.0,0.0,0.0,0.0,0.0,616.0,923,144.0,18.0,20,95,365,,178.0
49,699.9,43.7,0.0,0.0,175.0,0.0,0.0,195.0,1273.4,0,202.1,45.9,21,100,28,,148.32
50,729.0,124.0,0.0,0.0,397.0,0.0,0.0,156.0,833.0,0,170.0,30.0,23,100,28,,166.1
51,401.0,124.0,328.0,0.0,397.0,0.0,0.0,156.0,833.0,0,170.0,30.0,23,100,28,,139.4
52,439.5,0.0,0.0,0.0,175.9,263.7,0.0,0.0,1273.4,0,175.8,43.9,21,100,3,,49.61
53,435.1,0.0,0.0,0.0,175.9,263.7,4.4,0.0,1273.4,0,175.8,43.9,21,100,3,,50.87
54,430.7,0.0,0.0,0.0,175.9,263.7,8.8,0.0,1273.4,0,175.8,43.9,21,100,3,,54.96
55,426.3,0.0,0.0,0.0,175.9,263.7,13.2,0.0,1273.4,0,175.8,43.9,21,100,3,,56.85
56,421.9,0.0,0.0,0.0,175.9,263.7,17.6,0.0,1273.4,0,175.8,43.9,21,100,3,,57.17
57,417.5,0.0,0.0,0.0,175.9,263.7,22.0,0.0,1273.4,0,175.8,43.9,21,100,3,,55.91
58,435.1,0.0,0.0,0.0,175.9,263.7,4.4,195.0,1273.4,0,175.8,43.9,21,100,3,,70.35
59,430.7,0.0,0.0,0.0,175.9,263.7,8.8,195.0,1273.4,0,175.8,43.9,21,100,3,,72.84
60,426.3,0.0,0.0,0.0,175.9,263.7,13.2,195.0,1273.4,0,175.8,43.9,21,100,3,,78.44
61,421.9,0.0,0.0,0.0,175.9,263.7,17.6,195.0,1273.4,0,175.8,43.9,21,100,3,,79.69
62,417.5,0.0,0.0,0.0,175.9,263.7,22.0,195.0,1273.4,0,175.8,43.9,21,100,3,,77.82
63,430.7,0.0,0.0,0.0,175.9,263.7,8.8,0.0,1273.4,0,175.8,43.9,21,100,7,,65.98
64,426.3,0.0,0.0,0.0,175.9,263.7,13.2,0.0,1273.4,0,175.8,43.9,21,100,7,,68.82
65,421.9,0.0,0.0,0.0,175.9,263.7,17.6,0.0,1273.4,0,175.8,43.9,21,100,7,,69.13
66,417.5,0.0,0.0,0.0,175.9,263.7,22.0,0.0,1273.4,0,175.8,43.9,21,100,7,,65.35
67,439.5,0.0,0.0,0.0,175.9,263.7,0.0,195.0,1273.4,0,175.8,43.9,21,100,7,,90.89
68,435.1,0.0,0.0,0.0,175.9,263.7,4.4,195.0,1273.4,0,175.8,43.9,21,100,7,,94.63
69,430.7,0.0,0.0,0.0,175.9,263.7,8.8,195.0,1273.4,0,175.8,43.9,21,100,7,,96.5
70,426.3,0.0,0.0,0.0,175.9,263.7,13.2,195.0,1273.4,0,175.8,43.9,21,100,7,,100.86
71,421.9,0.0,0.0,0.0,175.9,263.7,17.6,195.0,1273.4,0,175.8,43.9,21,100,7,,103.35
72,417.5,0.0,0.0,0.0,175.9,263.7,22.0,195.0,1273.4,0,175.8,43.9,21,100,7,,98.99
73,874.9,43.7,0.0,0.0,0.0,0.0,0.0,0.0,1273.4,0,202.1,45.9,21,100,7,,85.91
74,612.4,43.7,0.0,0.0,0.0,262.5,0.0,0.0,1273.4,0,202.1,45.9,21,100,7,,78.52
75,699.9,43.7,0.0,0.0,175.0,0.0,0.0,0.0,1273.4,0,202.1,45.9,21,100,7,,85.91
76,874.9,43.7,0.0,0.0,0.0,0.0,0.0,39.0,1273.4,0,202.1,45.9,21,100,7,,106.71
77,612.4,43.7,0.0,0.0,0.0,262.5,0.0,39.0,1273.4,0,202.1,45.9,21,100,7,,89.93
78,699.9,43.7,0.0,0.0,175.0,0.0,0.0,39.0,1273.4,0,202.1,45.9,21,100,7,,99.33
79,874.9,43.7,0.0,0.0,0.0,0.0,0.0,78.0,1273.4,0,202.1,45.9,21,100,7,,108.73
80,612.4,43.7,0.0,0.0,0.0,262.5,0.0,78.0,1273.4,0,202.1,45.9,21,100,7,,92.62
81,699.9,43.7,0.0,0.0,175.0,0.0,0.0,78.0,1273.4,0,202.1,45.9,21,100,7,,102.01
82,874.9,43.7,0.0,0.0,0.0,0.0,0.0,117.0,1273.4,0,202.1,45.9,21,100,7,,110.74
83,612.4,43.7,0.0,0.0,0.0,262.5,0.0,117.0,1273.4,0,202.1,45.9,21,100,7,,100.0
84,699.9,43.7,0.0,0.0,175.0,0.0,0.0,117.0,1273.4,0,202.1,45.9,21,100,7,,108.73
85,874.9,43.7,0.0,0.0,0.0,0.0,0.0,156.0,1273.4,0,202.1,45.9,21,100,7,,120.81
86,612.4,43.7,0.0,0.0,0.0,262.5,0.0,156.0,1273.4,0,202.1,45.9,21,100,7,,105.37
87,699.9,43.7,0.0,0.0,175.0,0.0,0.0,156.0,1273.4,0,202.1,45.9,21,100,7,,114.77
88,612.4,43.7,0.0,0.0,0.0,262.5,0.0,195.0,1273.4,0,202.1,45.9,21,100,7,,114.09
89,699.9,43.7,0.0,0.0,175.0,0.0,0.0,195.0,1273.4,0,202.1,45.9,21,100,7,,122.82
90,874.9,43.7,0.0,0.0,0.0,0.0,0.0,0.0,1273.4,0,202.1,45.9,21,100,28,,100.67
91,612.4,43.7,0.0,0.0,0.0,262.5,0.0,0.0,1273.4,0,202.1,45.9,21,100,28,,88.59
92,874.9,43.7,0.0,0.0,0.0,0.0,0.0,39.0,1273.4,0,202.1,45.9,21,100,28,,115.44
93,612.4,43.7,0.0,0.0,0.0,262.5,0.0,39.0,1273.4,0,202.1,45.9,21,100,28,,100.67
94,699.9,43.7,0.0,0.0,175.0,0.0,0.0,39.0,1273.4,0,202.1,45.9,21,100,28,,106.71
95,874.9,43.7,0.0,0.0,0.0,0.0,0.0,78.0,1273.4,0,202.1,45.9,21,100,28,,124.83
96,612.4,43.7,0.0,0.0,0.0,262.5,0.0,78.0,1273.4,0,202.1,45.9,21,100,28,,114.09
97,699.9,43.7,0.0,0.0,175.0,0.0,0.0,78.0,1273.4,0,202.1,45.9,21,100,28,,120.81
98,874.9,43.7,0.0,0.0,0.0,0.0,0.0,117.0,1273.4,0,202.1,45.9,21,100,28,,132.22
99,612.4,43.7,0.0,0.0,0.0,262.5,0.0,117.0,1273.4,0,202.1,45.9,21,100,28,,126.17
100,699.9,43.7,0.0,0.0,175.0,0.0,0.0,117.0,1273.4,0,202.1,45.9,21,100,28,,130.2
101,874.9,43.7,0.0,0.0,0.0,0.0,0.0,156.0,1273.4,0,202.1,45.9,21,100,28,,146.31
102,612.4,43.7,0.0,0.0,0.0,262.5,0.0,156.0,1273.4,0,202.1,45.9,21,100,28,,134.23
103,699.9,43.7,0.0,0.0,175.0,0.0,0.0,156.0,1273.4,0,202.1,45.9,21,100,28,,139.6
104,874.9,43.7,0.0,0.0,0.0,0.0,0.0,195.0,1273.4,0,202.1,45.9,21,100,28,,155.71
105,612.4,43.7,0.0,0.0,0.0,262.5,0.0,195.0,1273.4,0,202.1,45.9,21,100,28,,141.61
106,435.1,0.0,0.0,0.0,175.9,263.7,4.4,0.0,1273.4,0,175.8,43.9,21,100,28,,77.01
107,594.2,0.0,0.0,0.0,0.0,265.3,24.8,156.0,1282.3,0,176.9,44.2,21,100,28,,136.34
108,594.2,0.0,0.0,0.0,0.0,265.3,24.8,0.0,1282.3,0,176.9,44.2,21,100,7,,86.11
109,594.2,0.0,0.0,0.0,0.0,265.3,24.8,156.0,1282.3,0,176.9,44.2,21,100,7,,113.89
110,594.2,0.0,0.0,0.0,0.0,265.3,24.8,156.0,1282.3,0,176.9,44.2,21,100,7,,117.22
111,594.2,0.0,0.0,0.0,0.0,265.3,24.8,156.0,1282.3,0,176.9,44.2,21,100,7,,114.44
112,594.2,0.0,0.0,0.0,0.0,265.3,24.8,156.0,1282.3,0,176.9,44.2,21,100,7,,112.22
113,594.2,0.0,0.0,0.0,0.0,265.3,24.8,156.0,1282.3,0,176.9,44.2,21,100,7,,111.11
114,753.0,188.0,0.0,183.0,0.0,0.0,0.0,0.0,1129.0,0,180.72,27.0,20,100,28,,166.0
115,745.0,186.0,0.0,181.0,0.0,0.0,0.0,0.0,1118.0,0,171.35,27.0,20,100,28,,162.0
116,778.0,194.0,0.0,189.0,0.0,0.0,0.0,0.0,0.0,1167,178.94,28.0,20,100,28,,181.0
117,758.0,190.0,0.0,184.0,0.0,0.0,0.0,0.0,0.0,1138,166.76,27.0,20,100,28,,155.0
118,745.0,186.0,0.0,181.0,0.0,0.0,0.0,0.0,0.0,1118,171.35,27.0,20,100,28,,159.0
119,890.0,0.0,0.0,0.0,0.0,0.0,0.0,0.0,1231.0,0,178.0,30.2,21,100,1,,59.0
120,890.0,0.0,0.0,0.0,0.0,0.0,0.0,0.0,1231.0,0,178.0,30.2,21,100,1,,70.7
121,845.5,44.5,0.0,0.0,0.0,0.0,0.0,0.0,1231.0,0,178.0,30.2,21,100,1,,73.2
122,801.0,89.0,0.0,0.0,0.0,0.0,0.0,0.0,1231.0,0,178.0,30.2,21,100,1,,75.7
123,756.5,133.5,0.0,0.0,0.0,0.0,0.0,0.0,1231.0,0,178.0,30.2,21,100,1,,70.5
124,712.0,178.0,0.0,0.0,0.0,0.0,0.0,0.0,1231.0,0,178.0,30.2,21,100,1,,62.1
125,845.5,44.5,0.0,0.0,0.0,0.0,0.0,0.0,1231.0,0,178.0,30.2,21,100,1,,77.8
126,712.0,0.0,0.0,178.0,0.0,0.0,0.0,0.0,1231.0,0,178.0,30.2,21,100,1,,53.7
127,667.5,44.5,0.0,178.0,0.0,0.0,0.0,0.0,1231.0,0,178.0,30.2,21,100,1,,52.8
128,1009.0,0.0,0.0,0.0,0.0,0.0,0.0,0.0,1231.0,0,201.8,34.2,21,100,1,,72.8
129,1009.0,0.0,0.0,0.0,0.0,0.0,0.0,0.0,1231.0,0,201.8,34.2,21,100,1,,73.2
130,958.55,50.45,0.0,0.0,0.0,0.0,0.0,0.0,1231.0,0,201.8,34.2,21,100,1,,80.1
131,756.75,50.45,0.0,201.8,0.0,0.0,0.0,0.0,1231.0,0,201.8,34.2,21,100,1,,53.1
132,890.0,0.0,0.0,0.0,0.0,0.0,0.0,0.0,1231.0,0,178.0,30.2,21,100,7,,95.7
133,890.0,0.0,0.0,0.0,0.0,0.0,0.0,0.0,1231.0,0,178.0,30.2,21,100,7,,97.4
134,430.7,0.0,0.0,0.0,175.9,263.7,8.8,0.0,1273.4,0,175.8,43.9,21,100,28,,81.1
135,426.3,0.0,0.0,0.0,175.9,263.7,13.2,0.0,1273.4,0,175.8,43.9,21,100,28,,88.66
136,421.9,0.0,0.0,0.0,175.9,263.7,17.6,0.0,1273.4,0,175.8,43.9,21,100,28,,91.18
137,417.5,0.0,0.0,0.0,175.9,263.7,22.0,0.0,1273.4,0,175.8,43.9,21,100,28,,86.46
138,439.5,0.0,0.0,0.0,175.9,263.7,0.0,195.0,1273.4,0,175.8,43.9,21,100,28,,113.93
139,435.1,0.0,0.0,0.0,175.9,263.7,4.4,195.0,1273.4,0,175.8,43.9,21,100,28,,120.16
140,430.7,0.0,0.0,0.0,175.9,263.7,8.8,195.0,1273.4,0,175.8,43.9,21,100,28,,126.38
141,594.2,0.0,0.0,0.0,0.0,265.3,24.8,0.0,1282.3,0,176.9,44.2,21,100,28,,98.89
142,594.2,0.0,0.0,0.0,0.0,265.3,24.8,156.0,1282.3,0,176.9,44.2,21,100,28,,139.44
143,594.2,0.0,0.0,0.0,0.0,265.3,24.8,156.0,1282.3,0,176.9,44.2,21,100,28,,141.67
144,594.2,0.0,0.0,0.0,0.0,265.3,24.8,156.0,1282.3,0,176.9,44.2,21,100,28,,129.44
145,594.2,0.0,0.0,0.0,0.0,265.3,24.8,156.0,1282.3,0,176.9,44.2,21,100,28,,124.44
146,594.2,0.0,0.0,0.0,0.0,265.3,24.8,156.0,1282.3,0,176.9,44.2,21,100,28,,120.56
147,594.2,0.0,0.0,0.0,0.0,265.3,24.8,156.0,1282.3,0,176.9,44.2,21,100,28,,129.01
148,594.2,0.0,0.0,0.0,0.0,265.3,24.8,156.0,1282.3,0,176.9,44.2,21,100,28,,132.96
149,594.2,0.0,0.0,0.0,0.0,265.3,24.8,156.0,1282.3,0,176.9,44.2,21,100,28,,129.58
150,845.5,44.5,0.0,0.0,0.0,0.0,0.0,0.0,1231.0,0,178.0,30.2,21,100,7,,105.7
151,801.0,89.0,0.0,0.0,0.0,0.0,0.0,0.0,1231.0,0,178.0,30.2,21,100,7,,102.6
152,756.5,133.5,0.0,0.0,0.0,0.0,0.0,0.0,1231.0,0,178.0,30.2,21,100,7,,96.8
153,712.0,178.0,0.0,0.0,0.0,0.0,0.0,0.0,1231.0,0,178.0,30.2,21,100,7,,95.9
154,845.5,44.5,0.0,0.0,0.0,0.0,0.0,0.0,1231.0,0,178.0,30.2,21,100,7,,106.1
155,712.0,0.0,0.0,178.0,0.0,0.0,0.0,0.0,1231.0,0,178.0,30.2,21,100,7,,99.2
156,623.0,0.0,0.0,267.0,0.0,0.0,0.0,0.0,1231.0,0,178.0,30.2,21,100,7,,101.2
157,534.0,0.0,0.0,356.0,0.0,0.0,0.0,0.0,1231.0,0,178.0,30.2,21,100,7,,75.8
158,667.5,44.5,0.0,178.0,0.0,0.0,0.0,0.0,1231.0,0,178.0,30.2,21,100,7,,92.8
159,1009.0,0.0,0.0,0.0,0.0,0.0,0.0,0.0,1231.0,0,201.8,34.2,21,100,7,,102.8
160,1009.0,0.0,0.0,0.0,0.0,0.0,0.0,0.0,1231.0,0,201.8,34.2,21,100,7,,102.3
161,958.55,50.45,0.0,0.0,0.0,0.0,0.0,0.0,1231.0,0,201.8,34.2,21,100,7,,102.8
162,756.75,50.45,0.0,201.8,0.0,0.0,0.0,0.0,1231.0,0,201.8,34.2,21,100,7,,101.5
163,890.0,0.0,0.0,0.0,0.0,0.0,0.0,0.0,1231.0,0,178.0,30.2,21,100,28,,106.3
164,890.0,0.0,0.0,0.0,0.0,0.0,0.0,0.0,1231.0,0,178.0,30.2,21,100,28,,113.2
165,845.5,44.5,0.0,0.0,0.0,0.0,0.0,0.0,1231.0,0,178.0,30.2,21,100,28,,117.2
166,801.0,89.0,0.0,0.0,0.0,0.0,0.0,0.0,1231.0,0,178.0,30.2,21,100,28,,118.6
167,756.5,133.5,0.0,0.0,0.0,0.0,0.0,0.0,1231.0,0,178.0,30.2,21,100,28,,118.0
168,712.0,178.0,0.0,0.0,0.0,0.0,0.0,0.0,1231.0,0,178.0,30.2,21,100,28,,111.0
169,845.5,44.5,0.0,0.0,0.0,0.0,0.0,0.0,1231.0,0,178.0,30.2,21,100,28,,116.6
170,712.0,0.0,0.0,178.0,0.0,0.0,0.0,0.0,1231.0,0,178.0,30.2,21,100,28,,109.9
171,623.0,0.0,0.0,267.0,0.0,0.0,0.0,0.0,1231.0,0,178.0,30.2,21,100,28,,114.8
172,534.0,0.0,0.0,356.0,0.0,0.0,0.0,0.0,1231.0,0,178.0,30.2,21,100,28,,102.6
173,667.5,44.5,0.0,178.0,0.0,0.0,0.0,0.0,1231.0,0,178.0,30.2,21,100,28,,112.8
174,1009.0,0.0,0.0,0.0,0.0,0.0,0.0,0.0,1231.0,0,201.8,34.2,21,100,28,,113.8
175,1009.0,0.0,0.0,0.0,0.0,0.0,0.0,0.0,1231.0,0,201.8,34.2,21,100,28,,115.2
176,958.55,50.45,0.0,0.0,0.0,0.0,0.0,0.0,1231.0,0,201.8,34.2,21,100,28,,115.4
177,756.75,50.45,0.0,201.8,0.0,0.0,0.0,0.0,1231.0,0,201.8,34.2,21,100,28,,114.5
178,890.0,0.0,0.0,0.0,0.0,0.0,0.0,0.0,1231.0,0,178.0,30.2,21,100,56,,108.8
179,890.0,0.0,0.0,0.0,0.0,0.0,0.0,0.0,1231.0,0,178.0,30.2,21,100,56,,113.8
180,845.5,44.5,0.0,0.0,0.0,0.0,0.0,0.0,1231.0,0,178.0,30.2,21,100,56,,120.1
181,801.0,89.0,0.0,0.0,0.0,0.0,0.0,0.0,1231.0,0,178.0,30.2,21,100,56,,127.4
182,756.5,133.5,0.0,0.0,0.0,0.0,0.0,0.0,1231.0,0,178.0,30.2,21,100,56,,120.1
183,712.0,178.0,0.0,0.0,0.0,0.0,0.0,0.0,1231.0,0,178.0,30.2,21,100,56,,117.2
184,845.5,44.5,0.0,0.0,0.0,0.0,0.0,0.0,1231.0,0,178.0,30.2,21,100,56,,124.1
185,712.0,0.0,0.0,178.0,0.0,0.0,0.0,0.0,1231.0,0,178.0,30.2,21,100,56,,110.3
186,623.0,0.0,0.0,267.0,0.0,0.0,0.0,0.0,1231.0,0,178.0,30.2,21,100,56,,117.2
187,534.0,0.0,0.0,356.0,0.0,0.0,0.0,0.0,1231.0,0,178.0,30.2,21,100,56,,110.9
188,667.5,44.5,0.0,178.0,0.0,0.0,0.0,0.0,1231.0,0,178.0,30.2,21,100,56,,113.8
189,1009.0,0.0,0.0,0.0,0.0,0.0,0.0,0.0,1231.0,0,201.8,34.2,21,100,56,,126.2
190,1009.0,0.0,0.0,0.0,0.0,0.0,0.0,0.0,1231.0,0,201.8,34.2,21,100,56,,129.3
191,958.55,50.45,0.0,0.0,0.0,0.0,0.0,0.0,1231.0,0,201.8,34.2,21,100,56,,129.0
192,756.75,50.45,0.0,201.8,0.0,0.0,0.0,0.0,1231.0,0,201.8,34.2,21,100,56,,131.7
193,890.0,0.0,0.0,0.0,0.0,0.0,0.0,0.0,1231.0,0,178.0,30.2,21,100,90,,114.1
194,890.0,0.0,0.0,0.0,0.0,0.0,0.0,0.0,1231.0,0,178.0,30.2,21,100,90,,118.1
195,845.5,44.5,0.0,0.0,0.0,0.0,0.0,0.0,1231.0,0,178.0,30.2,21,100,90,,125.4
196,801.0,89.0,0.0,0.0,0.0,0.0,0.0,0.0,1231.0,0,178.0,30.2,21,100,90,,127.6
197,756.5,133.5,0.0,0.0,0.0,0.0,0.0,0.0,1231.0,0,178.0,30.2,21,100,90,,120.9
198,712.0,178.0,0.0,0.0,0.0,0.0,0.0,0.0,1231.0,0,178.0,30.2,21,100,90,,118.6
199,845.5,44.5,0.0,0.0,0.0,0.0,0.0,0.0,1231.0,0,178.0,30.2,21,100,90,,126.2
200,712.0,0.0,0.0,178.0,0.0,0.0,0.0,0.0,1231.0,0,178.0,30.2,21,100,90,,117.5
201,623.0,0.0,0.0,267.0,0.0,0.0,0.0,0.0,1231.0,0,178.0,30.2,21,100,90,,119.3
202,534.0,0.0,0.0,356.0,0.0,0.0,0.0,0.0,1231.0,0,178.0,30.2,21,100,90,,119.1
203,667.5,44.5,0.0,178.0,0.0,0.0,0.0,0.0,1231.0,0,178.0,30.2,21,100,90,,119.7
204,1009.0,0.0,0.0,0.0,0.0,0.0,0.0,0.0,1231.0,0,201.8,34.2,21,100,90,,139.3
205,1009.0,0.0,0.0,0.0,0.0,0.0,0.0,0.0,1231.0,0,201.8,34.2,21,100,90,,149.7
206,958.55,50.45,0.0,0.0,0.0,0.0,0.0,0.0,1231.0,0,201.8,34.2,21,100,90,,155.2
207,756.75,50.45,0.0,201.8,0.0,0.0,0.0,0.0,1231.0,0,201.8,34.2,21,100,90,,152.1
208,472.0,262.0,315.0,0.0,0.0,0.0,0.0,0.0,1049.0,0,178.0,21.0,20,100,7,,94.3
209,472.0,262.0,315.0,0.0,0.0,0.0,0.0,156.0,1049.0,0,178.0,21.0,20,100,7,,114.9
210,472.0,262.0,315.0,0.0,0.0,0.0,0.0,156.0,1049.0,0,178.0,21.0,20,100,7,,120.9
211,472.0,262.0,315.0,0.0,0.0,0.0,0.0,156.0,1049.0,0,178.0,21.0,20,100,7,,108.3
212,472.0,262.0,315.0,0.0,0.0,0.0,0.0,0.0,1049.0,0,178.0,21.0,20,100,28,,97.8
213,472.0,262.0,315.0,0.0,0.0,0.0,0.0,156.0,1049.0,0,178.0,21.0,20,100,28,,134.4
214,472.0,262.0,315.0,0.0,0.0,0.0,0.0,156.0,1049.0,0,178.0,21.0,20,100,28,,143.5
215,472.0,262.0,315.0,0.0,0.0,0.0,0.0,156.0,1049.0,0,178.0,21.0,20,100,28,,127.4
216,472.0,262.0,315.0,0.0,0.0,0.0,0.0,156.0,1049.0,0,178.0,21.0,20,100,28,,122.9
217,472.0,262.0,315.0,0.0,0.0,0.0,0.0,156.0,1049.0,0,178.0,21.0,20,100,28,,120.4
218,850.0,137.5,0.0,112.5,0.0,0.0,0.0,234.0,1100.0,0,176.0,8.0,23,100,28,,162.1
219,850.0,137.5,0.0,112.5,0.0,0.0,0.0,234.0,1100.0,0,176.0,8.0,23,100,28,,162.8
220,741.0,185.0,0.0,0.0,194.25,64.75,0.0,156.0,815.0,0,185.0,9.0,30,65,1,,76.0
221,741.0,185.0,0.0,0.0,129.5,129.5,0.0,156.0,815.0,0,185.0,9.0,30,65,1,,78.0
222,741.0,185.0,0.0,0.0,64.75,194.25,0.0,156.0,815.0,0,185.0,9.0,30,65,1,,82.0
223,741.0,185.0,0.0,0.0,0.0,259.0,0.0,0.0,815.0,0,185.0,9.0,30,65,1,,82.0
224,741.0,185.0,0.0,0.0,259.0,0.0,0.0,156.0,815.0,0,185.0,9.0,30,65,3,,117.0
225,741.0,185.0,0.0,0.0,194.25,64.75,0.0,156.0,815.0,0,185.0,9.0,30,65,3,,118.0
226,741.0,185.0,0.0,0.0,129.5,129.5,0.0,156.0,815.0,0,185.0,9.0,30,65,3,,111.0
227,741.0,185.0,0.0,0.0,64.75,194.25,0.0,156.0,815.0,0,185.0,9.0,30,65,3,,116.0
228,741.0,185.0,0.0,0.0,0.0,259.0,0.0,0.0,815.0,0,185.0,9.0,30,65,3,,115.0
229,741.0,185.0,0.0,0.0,259.0,0.0,0.0,156.0,815.0,0,185.0,9.0,30,65,7,,144.0
230,741.0,185.0,0.0,0.0,194.25,64.75,0.0,156.0,815.0,0,185.0,9.0,30,65,7,,142.0
231,741.0,185.0,0.0,0.0,64.75,194.25,0.0,156.0,815.0,0,185.0,9.0,30,65,7,,138.0
232,741.0,185.0,0.0,0.0,194.25,64.75,0.0,156.0,815.0,0,185.0,9.0,30,65,28,,159.0
233,741.0,185.0,0.0,0.0,129.5,129.5,0.0,156.0,815.0,0,185.0,9.0,30,65,28,,160.0
234,741.0,185.0,0.0,0.0,64.75,194.25,0.0,156.0,815.0,0,185.0,9.0,30,65,28,,158.0
235,741.0,185.0,0.0,0.0,0.0,259.0,0.0,0.0,815.0,0,185.0,9.0,30,65,28,,155.0
236,741.0,185.0,0.0,0.0,259.0,0.0,0.0,156.0,815.0,0,185.0,9.0,30,65,90,,165.0
237,741.0,185.0,0.0,0.0,194.25,64.75,0.0,156.0,815.0,0,185.0,9.0,30,65,90,,171.0
238,741.0,185.0,0.0,0.0,129.5,129.5,0.0,156.0,815.0,0,185.0,9.0,30,65,90,,167.0
239,700.0,50.0,0.0,150.0,0.0,0.0,0.0,0.0,1104.0,0,180.0,30.0,20,100,1,,57.9
240,700.0,50.0,0.0,150.0,0.0,0.0,0.0,39.0,1104.0,0,180.0,30.0,20,100,1,,64.5
241,700.0,50.0,0.0,150.0,0.0,0.0,0.0,78.0,1104.0,0,180.0,30.0,20,100,1,,73.8
242,700.0,50.0,0.0,150.0,0.0,0.0,0.0,117.0,1104.0,0,180.0,30.0,20,100,1,,83.2
243,700.0,50.0,0.0,150.0,0.0,0.0,0.0,156.0,1104.0,0,180.0,30.0,20,100,1,,88.8
244,700.0,50.0,0.0,150.0,0.0,0.0,0.0,195.0,1104.0,0,180.0,30.0,20,100,1,,89.7
245,700.0,50.0,0.0,150.0,0.0,0.0,0.0,0.0,1104.0,0,180.0,30.0,20,100,7,,94.4
246,700.0,50.0,0.0,150.0,0.0,0.0,0.0,39.0,1104.0,0,180.0,30.0,20,100,7,,96.3
247,700.0,50.0,0.0,150.0,0.0,0.0,0.0,78.0,1104.0,0,180.0,30.0,20,100,7,,102.8
248,700.0,50.0,0.0,150.0,0.0,0.0,0.0,117.0,1104.0,0,180.0,30.0,20,100,7,,115.9
249,700.0,50.0,0.0,150.0,0.0,0.0,0.0,156.0,1104.0,0,180.0,30.0,20,100,7,,120.6
250,700.0,50.0,0.0,150.0,0.0,0.0,0.0,195.0,1104.0,0,180.0,30.0,20,100,7,,125.2
251,700.0,50.0,0.0,150.0,0.0,0.0,0.0,0.0,1104.0,0,180.0,30.0,20,100,28,,105.6
252,700.0,50.0,0.0,150.0,0.0,0.0,0.0,78.0,1104.0,0,180.0,30.0,20,100,28,,138.3
253,700.0,50.0,0.0,150.0,0.0,0.0,0.0,117.0,1104.0,0,180.0,30.0,20,100,28,,149.5
254,700.0,50.0,0.0,150.0,0.0,0.0,0.0,156.0,1104.0,0,180.0,30.0,20,100,28,,153.3
255,700.0,50.0,0.0,150.0,0.0,0.0,0.0,195.0,1104.0,0,180.0,30.0,20,100,28,,156.1
256,741.0,185.0,0.0,0.0,64.75,194.25,0.0,156.0,815.0,0,185.0,9.0,30,65,90,,168.0
257,890.0,222.0,0.0,0.0,0.0,0.0,0.0,117.0,799.0,0,222.0,29.7,23,100,28,,130.3
258,933.0,233.0,0.0,0.0,0.0,0.0,0.0,0.0,1026.0,0,168.0,37.6,23,100,28,,101.4
259,933.0,233.0,0.0,0.0,0.0,0.0,0.0,0.0,1026.0,0,168.0,37.6,23,100,28,,116.2
260,850.0,260.0,0.0,0.0,212.0,0.0,0.0,156.0,850.0,0,170.0,45.0,23,100,28,,170.4
261,850.0,260.0,0.0,0.0,212.0,0.0,0.0,156.0,850.0,0,170.0,45.0,23,100,28,,184.0
262,950.0,234.0,0.0,0.0,95.0,0.0,0.0,234.0,1030.0,0,215.0,12.7,23,100,28,,158.1
263,950.0,234.0,0.0,0.0,95.0,0.0,0.0,234.0,1030.0,0,215.0,12.7,23,100,28,,168.6
264,850.0,260.0,0.0,0.0,212.0,0.0,0.0,156.0,850.0,0,170.0,45.0,23,100,28,,180.8
265,850.0,260.0,0.0,0.0,212.0,0.0,0.0,156.0,850.0,0,170.0,45.0,23,100,28,,192.2
266,850.0,260.0,0.0,0.0,212.0,0.0,0.0,156.0,850.0,0,170.0,45.0,23,100,28,,206.6
267,850.0,260.0,0.0,0.0,212.0,0.0,0.0,156.0,850.0,0,170.0,45.0,23,100,28,,185.2
268,850.0,260.0,0.0,0.0,212.0,0.0,0.0,156.0,850.0,0,170.0,45.0,23,100,28,,198.5
269,850.0,260.0,0.0,0.0,212.0,0.0,0.0,156.0,850.0,0,170.0,45.0,23,100,28,,188.2
270,850.0,260.0,0.0,0.0,212.0,0.0,0.0,156.0,850.0,0,170.0,45.0,23,100,28,,202.2
271,850.0,260.0,0.0,0.0,212.0,0.0,0.0,156.0,850.0,0,170.0,45.0,23,100,28,,193.5
272,850.0,260.0,0.0,0.0,212.0,0.0,0.0,156.0,850.0,0,170.0,45.0,23,100,28,,203.9
273,850.0,260.0,0.0,0.0,212.0,0.0,0.0,156.0,850.0,0,170.0,45.0,23,100,28,,197.9
274,850.0,260.0,0.0,0.0,212.0,0.0,0.0,156.0,850.0,0,170.0,45.0,23,100,28,,201.2
275,850.0,260.0,0.0,0.0,212.0,0.0,0.0,156.0,850.0,0,170.0,45.0,23,100,28,,206.2
276,850.0,260.0,0.0,0.0,212.0,0.0,0.0,156.0,850.0,0,170.0,45.0,23,100,28,,205.6
277,850.0,260.0,0.0,0.0,212.0,0.0,0.0,156.0,850.0,0,170.0,45.0,23,100,28,,199.9
278,850.0,260.0,0.0,0.0,212.0,0.0,0.0,156.0,850.0,0,170.0,45.0,23,100,28,,195.2
279,850.0,260.0,0.0,0.0,212.0,0.0,0.0,156.0,850.0,0,170.0,45.0,23,100,28,,190.2
280,850.0,260.0,0.0,0.0,212.0,0.0,0.0,156.0,850.0,0,170.0,45.0,23,100,28,,208.2
281,850.0,260.0,0.0,0.0,212.0,0.0,0.0,156.0,850.0,0,170.0,45.0,23,100,28,,181.0
282,850.0,260.0,0.0,0.0,212.0,0.0,0.0,156.0,850.0,0,170.0,45.0,23,100,28,,192.2
283,850.0,260.0,0.0,0.0,212.0,0.0,0.0,156.0,850.0,0,170.0,45.0,23,100,28,,206.78
284,850.0,260.0,0.0,0.0,212.0,0.0,0.0,156.0,850.0,0,170.0,45.0,23,100,28,,182.4
285,850.0,260.0,0.0,0.0,212.0,0.0,0.0,156.0,850.0,0,170.0,45.0,23,100,28,,194.9
286,850.0,260.0,0.0,0.0,212.0,0.0,0.0,156.0,850.0,0,170.0,45.0,23,100,28,,207.8
287,850.0,260.0,0.0,0.0,212.0,0.0,0.0,156.0,850.0,0,170.0,45.0,23,100,28,,186.1
288,850.0,260.0,0.0,0.0,212.0,0.0,0.0,156.0,850.0,0,170.0,45.0,23,100,28,,196.9
289,850.0,260.0,0.0,0.0,212.0,0.0,0.0,156.0,850.0,0,170.0,45.0,23,100,28,,186.8
290,850.0,260.0,0.0,0.0,212.0,0.0,0.0,156.0,850.0,0,170.0,45.0,23,100,28,,197.6
291,850.0,260.0,0.0,0.0,212.0,0.0,0.0,156.0,850.0,0,170.0,45.0,23,100,28,,187.5
292,850.0,260.0,0.0,0.0,212.0,0.0,0.0,156.0,850.0,0,170.0,45.0,23,100,28,,200.0
293,850.0,260.0,0.0,0.0,212.0,0.0,0.0,156.0,850.0,0,170.0,45.0,23,100,28,,173.2
294,850.0,260.0,0.0,0.0,212.0,0.0,0.0,156.0,850.0,0,170.0,45.0,23,100,28,,184.4
295,850.0,260.0,0.0,0.0,212.0,0.0,0.0,156.0,850.0,0,170.0,45.0,23,100,28,,196.9
296,850.0,260.0,0.0,0.0,212.0,0.0,0.0,156.0,850.0,0,170.0,45.0,23,100,28,,181.0
297,850.0,260.0,0.0,0.0,212.0,0.0,0.0,156.0,850.0,0,170.0,45.0,23,100,28,,191.2
298,850.0,260.0,0.0,0.0,212.0,0.0,0.0,156.0,850.0,0,170.0,45.0,23,100,28,,176.6
299,850.0,260.0,0.0,0.0,212.0,0.0,0.0,156.0,850.0,0,170.0,45.0,23,100,28,,182.4
300,850.0,260.0,0.0,0.0,212.0,0.0,0.0,156.0,850.0,0,170.0,45.0,23,100,28,,172.9
301,850.0,260.0,0.0,0.0,212.0,0.0,0.0,156.0,850.0,0,170.0,45.0,23,100,28,,181.7
302,850.0,260.0,0.0,0.0,212.0,0.0,0.0,156.0,850.0,0,170.0,45.0,23,100,28,,171.2
303,850.0,260.0,0.0,0.0,212.0,0.0,0.0,156.0,850.0,0,170.0,45.0,23,100,28,,180.3
304,850.0,260.0,0.0,0.0,212.0,0.0,0.0,156.0,850.0,0,170.0,45.0,23,100,28,,174.6
305,788.5,197.1,0.0,0.0,0.0,0.0,0.0,156.0,1104.0,0,160.3,50.0,23,50,28,,187.1
306,788.5,197.1,0.0,0.0,0.0,0.0,0.0,156.0,1104.0,0,160.3,50.0,23,50,28,,192.3
307,788.5,197.1,0.0,0.0,0.0,0.0,0.0,156.0,1104.0,0,160.3,50.0,23,50,28,,204.4
308,833.0,208.0,0.0,0.0,0.0,0.0,0.0,0.0,1125.0,0,208.0,25.0,23,100,28,,147.0
309,825.0,206.0,0.0,0.0,0.0,0.0,0.0,78.0,1114.0,0,206.0,25.0,23,100,28,,145.5
310,817.0,204.0,0.0,0.0,0.0,0.0,0.0,156.0,1102.0,0,204.0,25.0,23,100,28,,147.5
311,808.0,202.0,0.0,0.0,0.0,0.0,0.0,234.0,1091.0,0,202.0,24.0,23,100,28,,165.7
312,800.0,200.0,0.0,0.0,200.0,0.0,0.0,0.0,880.0,0,200.0,9.6,20,60,7,,101.5
313,800.0,100.0,0.0,0.0,200.0,0.0,0.0,0.0,980.0,0,200.0,9.6,20,60,7,,111.4
314,800.0,200.0,0.0,0.0,100.0,0.0,0.0,0.0,980.0,0,200.0,9.6,20,60,7,,108.6
315,800.0,200.0,0.0,0.0,0.0,0.0,0.0,0.0,1080.0,0,200.0,14.4,20,60,7,,111.0
316,800.0,200.0,0.0,0.0,200.0,0.0,0.0,0.0,880.0,0,200.0,9.6,20,60,28,,141.3
317,800.0,100.0,0.0,0.0,200.0,0.0,0.0,0.0,980.0,0,200.0,9.6,20,60,28,,147.3
318,800.0,200.0,0.0,0.0,100.0,0.0,0.0,0.0,980.0,0,200.0,9.6,20,60,28,,146.5
319,800.0,200.0,0.0,0.0,0.0,0.0,0.0,0.0,1080.0,0,200.0,14.4,20,60,28,,159.2
320,800.0,200.0,0.0,0.0,200.0,0.0,0.0,0.0,880.0,0,200.0,9.6,20,60,90,,163.3
321,800.0,100.0,0.0,0.0,200.0,0.0,0.0,0.0,980.0,0,200.0,9.6,20,60,90,,166.4
322,800.0,200.0,0.0,0.0,100.0,0.0,0.0,0.0,980.0,0,200.0,9.6,20,60,90,,175.9
323,800.0,100.0,0.0,0.0,200.0,0.0,0.0,0.0,980.0,0,200.0,9.6,20,60,90,,141.1
324,950.0,255.0,0.0,0.0,0.0,0.0,0.0,0.0,873.0,0,189.0,31.0,23,100,7,,104.2
325,941.5,255.0,0.0,0.0,0.0,0.0,9.5,0.0,873.0,0,189.0,31.0,23,100,7,,109.8
326,932.0,255.0,0.0,0.0,0.0,0.0,19.0,0.0,873.0,0,189.0,31.0,23,100,7,,112.6
327,921.5,255.0,0.0,0.0,0.0,0.0,28.5,0.0,873.0,0,189.0,31.0,23,100,7,,119.4
328,912.0,255.0,0.0,0.0,0.0,0.0,38.0,0.0,873.0,0,189.0,31.0,23,100,7,,114.3
329,950.0,255.0,0.0,0.0,0.0,0.0,0.0,0.0,873.0,0,189.0,31.0,23,100,28,,132.5
330,941.5,255.0,0.0,0.0,0.0,0.0,9.5,0.0,873.0,0,189.0,31.0,23,100,28,,135.8
331,932.0,255.0,0.0,0.0,0.0,0.0,19.0,0.0,873.0,0,189.0,31.0,23,100,28,,137.0
332,921.5,255.0,0.0,0.0,0.0,0.0,28.5,0.0,873.0,0,189.0,31.0,23,100,28,,143.2
333,912.0,255.0,0.0,0.0,0.0,0.0,38.0,0.0,873.0,0,189.0,31.0,23,100,28,,139.2
334,950.0,255.0,0.0,0.0,0.0,0.0,0.0,0.0,873.0,0,189.0,31.0,23,100,90,,138.7
335,941.5,255.0,0.0,0.0,0.0,0.0,9.5,0.0,873.0,0,189.0,31.0,23,100,90,,139.8
336,932.0,255.0,0.0,0.0,0.0,0.0,19.0,0.0,873.0,0,189.0,31.0,23,100,90,,141.5
337,921.5,255.0,0.0,0.0,0.0,0.0,28.5,0.0,873.0,0,189.0,31.0,23,100,90,,147.7
338,912.0,255.0,0.0,0.0,0.0,0.0,38.0,0.0,873.0,0,189.0,31.0,23,100,90,,140.4
339,800.0,0.0,0.0,0.0,0.0,0.0,0.0,0.0,1471.3,0,160.0,21.6,23,100,1,,92.2
340,796.0,0.0,0.0,0.0,0.0,0.0,4.0,0.0,1461.1,0,160.0,25.2,23,100,1,,82.8
341,792.0,0.0,0.0,0.0,0.0,0.0,8.0,0.0,1450.8,0,160.0,28.8,23,100,1,,78.9
342,784.0,0.0,0.0,0.0,0.0,0.0,16.0,0.0,1430.2,0,160.0,36.0,23,100,1,,77.9
343,776.0,0.0,0.0,0.0,0.0,0.0,24.0,0.0,1409.7,0,160.0,43.2,23,100,1,,75.6
344,720.0,80.0,0.0,0.0,0.0,0.0,0.0,0.0,1422.9,0,160.0,29.6,23,100,1,,81.8
345,716.0,80.0,0.0,0.0,0.0,0.0,4.0,0.0,1411.6,0,160.0,33.6,23,100,1,,77.8
346,712.0,80.0,0.0,0.0,0.0,0.0,8.0,0.0,1400.3,0,160.0,37.6,23,100,1,,69.4
347,704.0,80.0,0.0,0.0,0.0,0.0,16.0,0.0,1379.8,0,160.0,44.8,23,100,1,,61.5
348,696.0,80.0,0.0,0.0,0.0,0.0,24.0,0.0,1359.2,0,160.0,52.0,23,100,1,,56.7
349,800.0,0.0,0.0,0.0,0.0,0.0,0.0,0.0,1471.3,0,160.0,21.6,23,100,3,,103.9
350,796.0,0.0,0.0,0.0,0.0,0.0,4.0,0.0,1461.1,0,160.0,25.2,23,100,3,,100.2
351,792.0,0.0,0.0,0.0,0.0,0.0,8.0,0.0,1450.8,0,160.0,28.8,23,100,3,,99.3
352,784.0,0.0,0.0,0.0,0.0,0.0,16.0,0.0,1430.2,0,160.0,36.0,23,100,3,,95.4
353,776.0,0.0,0.0,0.0,0.0,0.0,24.0,0.0,1409.7,0,160.0,43.2,23,100,3,,94.5
354,720.0,80.0,0.0,0.0,0.0,0.0,0.0,0.0,1422.9,0,160.0,29.6,23,100,3,,91.2
355,716.0,80.0,0.0,0.0,0.0,0.0,4.0,0.0,1411.6,0,160.0,33.6,23,100,3,,87.9
356,712.0,80.0,0.0,0.0,0.0,0.0,8.0,0.0,1400.3,0,160.0,37.6,23,100,3,,86.3
357,704.0,80.0,0.0,0.0,0.0,0.0,16.0,0.0,1379.8,0,160.0,44.8,23,100,3,,85.3
358,696.0,80.0,0.0,0.0,0.0,0.0,24.0,0.0,1359.2,0,160.0,52.0,23,100,3,,84.3
359,800.0,0.0,0.0,0.0,0.0,0.0,0.0,0.0,1471.3,0,160.0,21.6,23,100,7,,108.0
360,796.0,0.0,0.0,0.0,0.0,0.0,4.0,0.0,1461.1,0,160.0,25.2,23,100,7,,108.7
361,792.0,0.0,0.0,0.0,0.0,0.0,8.0,0.0,1450.8,0,160.0,28.8,23,100,7,,109.0
362,784.0,0.0,0.0,0.0,0.0,0.0,16.0,0.0,1430.2,0,160.0,36.0,23,100,7,,109.2
363,776.0,0.0,0.0,0.0,0.0,0.0,24.0,0.0,1409.7,0,160.0,43.2,23,100,7,,106.9
364,720.0,80.0,0.0,0.0,0.0,0.0,0.0,0.0,1422.9,0,160.0,29.6,23,100,7,,104.3
365,716.0,80.0,0.0,0.0,0.0,0.0,4.0,0.0,1411.6,0,160.0,33.6,23,100,7,,105.1
366,712.0,80.0,0.0,0.0,0.0,0.0,8.0,0.0,1400.3,0,160.0,37.6,23,100,7,,106.2
367,704.0,80.0,0.0,0.0,0.0,0.0,16.0,0.0,1379.8,0,160.0,44.8,23,100,7,,107.1
368,696.0,80.0,0.0,0.0,0.0,0.0,24.0,0.0,1359.2,0,160.0,52.0,23,100,7,,102.2
369,800.0,0.0,0.0,0.0,0.0,0.0,0.0,0.0,1471.3,0,160.0,21.6,23,100,14,,112.4
370,796.0,0.0,0.0,0.0,0.0,0.0,4.0,0.0,1461.1,0,160.0,25.2,23,100,14,,113.1
371,792.0,0.0,0.0,0.0,0.0,0.0,8.0,0.0,1450.8,0,160.0,28.8,23,100,14,,114.3
372,784.0,0.0,0.0,0.0,0.0,0.0,16.0,0.0,1430.2,0,160.0,36.0,23,100,14,,115.6
373,776.0,0.0,0.0,0.0,0.0,0.0,24.0,0.0,1409.7,0,160.0,43.2,23,100,14,,111.5
374,720.0,80.0,0.0,0.0,0.0,0.0,0.0,0.0,1422.9,0,160.0,29.6,23,100,14,,116.2
375,716.0,80.0,0.0,0.0,0.0,0.0,4.0,0.0,1411.6,0,160.0,33.6,23,100,14,,118.5
376,712.0,80.0,0.0,0.0,0.0,0.0,8.0,0.0,1400.3,0,160.0,37.6,23,100,14,,123.0
377,704.0,80.0,0.0,0.0,0.0,0.0,16.0,0.0,1379.8,0,160.0,44.8,23,100,14,,126.0
378,696.0,80.0,0.0,0.0,0.0,0.0,24.0,0.0,1359.2,0,160.0,52.0,23,100,14,,119.2
379,800.0,0.0,0.0,0.0,0.0,0.0,0.0,0.0,1471.3,0,160.0,21.6,23,100,28,,115.4
380,796.0,0.0,0.0,0.0,0.0,0.0,4.0,0.0,1461.1,0,160.0,25.2,23,100,28,,116.8
381,792.0,0.0,0.0,0.0,0.0,0.0,8.0,0.0,1450.8,0,160.0,28.8,23,100,28,,120.9
382,784.0,0.0,0.0,0.0,0.0,0.0,16.0,0.0,1430.2,0,160.0,36.0,23,100,28,,123.4
383,776.0,0.0,0.0,0.0,0.0,0.0,24.0,0.0,1409.7,0,160.0,43.2,23,100,28,,119.1
384,720.0,80.0,0.0,0.0,0.0,0.0,0.0,0.0,1422.9,0,160.0,29.6,23,100,28,,120.7
385,716.0,80.0,0.0,0.0,0.0,0.0,4.0,0.0,1411.6,0,160.0,33.6,23,100,28,,125.0
386,712.0,80.0,0.0,0.0,0.0,0.0,8.0,0.0,1400.3,0,160.0,37.6,23,100,28,,130.1
387,704.0,80.0,0.0,0.0,0.0,0.0,16.0,0.0,1379.8,0,160.0,44.8,23,100,28,,131.8
388,696.0,80.0,0.0,0.0,0.0,0.0,24.0,0.0,1359.2,0,160.0,52.0,23,100,28,,127.3
389,800.0,0.0,0.0,0.0,0.0,0.0,0.0,0.0,1471.3,0,160.0,21.6,23,100,56,,119.3
390,796.0,0.0,0.0,0.0,0.0,0.0,4.0,0.0,1461.1,0,160.0,25.2,23,100,56,,120.9
391,792.0,0.0,0.0,0.0,0.0,0.0,8.0,0.0,1450.8,0,160.0,28.8,23,100,56,,123.4
392,784.0,0.0,0.0,0.0,0.0,0.0,16.0,0.0,1430.2,0,160.0,36.0,23,100,56,,126.0
393,776.0,0.0,0.0,0.0,0.0,0.0,24.0,0.0,1409.7,0,160.0,43.2,23,100,56,,122.3
394,720.0,80.0,0.0,0.0,0.0,0.0,0.0,0.0,1422.9,0,160.0,29.6,23,100,56,,124.2
395,716.0,80.0,0.0,0.0,0.0,0.0,4.0,0.0,1411.6,0,160.0,33.6,23,100,56,,128.8
396,712.0,80.0,0.0,0.0,0.0,0.0,8.0,0.0,1400.3,0,160.0,37.6,23,100,56,,134.8
397,704.0,80.0,0.0,0.0,0.0,0.0,16.0,0.0,1379.8,0,160.0,44.8,23,100,56,,137.4
398,696.0,80.0,0.0,0.0,0.0,0.0,24.0,0.0,1359.2,0,160.0,52.0,23,100,56,,131.8
399,800.0,0.0,0.0,0.0,0.0,0.0,0.0,0.0,1471.3,0,160.0,21.6,23,100,90,,124.1
400,796.0,0.0,0.0,0.0,0.0,0.0,4.0,0.0,1461.1,0,160.0,25.2,23,100,90,,125.7
401,792.0,0.0,0.0,0.0,0.0,0.0,8.0,0.0,1450.8,0,160.0,28.8,23,100,90,,130.6
402,784.0,0.0,0.0,0.0,0.0,0.0,16.0,0.0,1430.2,0,160.0,36.0,23,100,90,,133.3
403,776.0,0.0,0.0,0.0,0.0,0.0,24.0,0.0,1409.7,0,160.0,43.2,23,100,90,,129.9
404,720.0,80.0,0.0,0.0,0.0,0.0,0.0,0.0,1422.9,0,160.0,29.6,23,100,90,,130.3
405,716.0,80.0,0.0,0.0,0.0,0.0,4.0,0.0,1411.6,0,160.0,33.6,23,100,90,,132.8
406,712.0,80.0,0.0,0.0,0.0,0.0,8.0,0.0,1400.3,0,160.0,37.6,23,100,90,,137.9
407,704.0,80.0,0.0,0.0,0.0,0.0,16.0,0.0,1379.8,0,160.0,44.8,23,100,90,,141.6
408,696.0,80.0,0.0,0.0,0.0,0.0,24.0,0.0,1359.2,0,160.0,52.0,23,100,90,,138.3
409,550.0,0.0,0.0,0.0,0.0,0.0,0.0,0.0,678.0,1017,192.5,1.1,21,100,3,,32.5
410,545.88,0.0,0.0,0.0,0.0,0.0,4.12,0.0,674.0,1011,192.5,4.4,21,100,3,,35.3
411,541.75,0.0,0.0,0.0,0.0,0.0,8.25,0.0,671.0,1007,192.5,6.6,21,100,3,,39.5
412,545.88,0.0,0.0,0.0,0.0,0.0,4.12,0.0,674.0,1011,192.5,4.4,21,100,3,,37.1
413,541.75,0.0,0.0,0.0,0.0,0.0,8.25,0.0,671.0,1007,192.5,6.6,21,100,3,,39.1
414,550.0,0.0,0.0,0.0,0.0,0.0,0.0,0.0,705.0,1057,165.0,3.85,21,100,3,,45.0
415,545.88,0.0,0.0,0.0,0.0,0.0,4.12,0.0,702.0,1052,165.0,6.6,21,100,3,,46.4
416,541.75,0.0,0.0,0.0,0.0,0.0,8.25,0.0,699.0,1049,165.0,8.25,21,100,3,,51.6
417,545.88,0.0,0.0,0.0,0.0,0.0,4.12,0.0,702.0,1052,165.0,6.6,21,100,3,,45.4
418,541.75,0.0,0.0,0.0,0.0,0.0,8.25,0.0,699.0,1049,165.0,8.25,21,100,3,,42.2
419,550.0,0.0,0.0,0.0,0.0,0.0,0.0,0.0,732.0,1098,137.5,6.6,21,100,3,,58.9
420,545.88,0.0,0.0,0.0,0.0,0.0,4.12,0.0,728.0,1092,137.5,9.9,21,100,3,,59.8
421,541.75,0.0,0.0,0.0,0.0,0.0,8.25,0.0,725.0,1087,137.5,12.65,21,100,3,,63.3
422,545.88,0.0,0.0,0.0,0.0,0.0,4.12,0.0,728.0,1092,137.5,9.9,21,100,3,,56.1
423,541.75,0.0,0.0,0.0,0.0,0.0,8.25,0.0,725.0,1087,137.5,12.65,21,100,3,,53.1
424,550.0,0.0,0.0,0.0,0.0,0.0,0.0,0.0,678.0,1017,192.5,1.1,21,100,7,,40.9
425,545.88,0.0,0.0,0.0,0.0,0.0,4.12,0.0,674.0,1011,192.5,4.4,21,100,7,,44.9
426,541.75,0.0,0.0,0.0,0.0,0.0,8.25,0.0,671.0,1007,192.5,6.6,21,100,7,,51.3
427,545.88,0.0,0.0,0.0,0.0,0.0,4.12,0.0,674.0,1011,192.5,4.4,21,100,7,,45.7
428,541.75,0.0,0.0,0.0,0.0,0.0,8.25,0.0,671.0,1007,192.5,6.6,21,100,7,,49.3
429,550.0,0.0,0.0,0.0,0.0,0.0,0.0,0.0,705.0,1057,165.0,3.85,21,100,7,,57.2
430,545.88,0.0,0.0,0.0,0.0,0.0,4.12,0.0,702.0,1052,165.0,6.6,21,100,7,,59.7
431,541.75,0.0,0.0,0.0,0.0,0.0,8.25,0.0,699.0,1049,165.0,8.25,21,100,7,,60.1
432,545.88,0.0,0.0,0.0,0.0,0.0,4.12,0.0,702.0,1052,165.0,6.6,21,100,7,,52.5
433,541.75,0.0,0.0,0.0,0.0,0.0,8.25,0.0,699.0,1049,165.0,8.25,21,100,7,,50.1
434,550.0,0.0,0.0,0.0,0.0,0.0,0.0,0.0,732.0,1098,137.5,6.6,21,100,7,,71.6
435,545.88,0.0,0.0,0.0,0.0,0.0,4.12,0.0,728.0,1092,137.5,9.9,21,100,7,,76.0
436,541.75,0.0,0.0,0.0,0.0,0.0,8.25,0.0,725.0,1087,137.5,12.65,21,100,7,,75.0
437,545.88,0.0,0.0,0.0,0.0,0.0,4.12,0.0,728.0,1092,137.5,9.9,21,100,7,,69.0
438,541.75,0.0,0.0,0.0,0.0,0.0,8.25,0.0,725.0,1087,137.5,12.65,21,100,7,,67.8
439,545.88,0.0,0.0,0.0,0.0,0.0,4.12,0.0,674.0,1011,192.5,4.4,21,100,28,,53.4
440,541.75,0.0,0.0,0.0,0.0,0.0,8.25,0.0,671.0,1007,192.5,6.6,21,100,28,,61.8
441,545.88,0.0,0.0,0.0,0.0,0.0,4.12,0.0,674.0,1011,192.5,4.4,21,100,28,,54.5
442,541.75,0.0,0.0,0.0,0.0,0.0,8.25,0.0,671.0,1007,192.5,6.6,21,100,28,,61.0
443,550.0,0.0,0.0,0.0,0.0,0.0,0.0,0.0,705.0,1057,165.0,3.85,21,100,28,,67.2
444,545.88,0.0,0.0,0.0,0.0,0.0,4.12,0.0,702.0,1052,165.0,6.6,21,100,28,,64.4
445,541.75,0.0,0.0,0.0,0.0,0.0,8.25,0.0,699.0,1049,165.0,8.25,21,100,28,,72.6
446,545.88,0.0,0.0,0.0,0.0,0.0,4.12,0.0,702.0,1052,165.0,6.6,21,100,28,,64.2
447,541.75,0.0,0.0,0.0,0.0,0.0,8.25,0.0,699.0,1049,165.0,8.25,21,100,28,,62.9
448,550.0,0.0,0.0,0.0,0.0,0.0,0.0,0.0,732.0,1098,137.5,6.6,21,100,28,,85.5
449,545.88,0.0,0.0,0.0,0.0,0.0,4.12,0.0,728.0,1092,137.5,9.9,21,100,28,,86.7
450,541.75,0.0,0.0,0.0,0.0,0.0,8.25,0.0,725.0,1087,137.5,12.65,21,100,28,,85.0
451,545.88,0.0,0.0,0.0,0.0,0.0,4.12,0.0,728.0,1092,137.5,9.9,21,100,28,,83.6
452,541.75,0.0,0.0,0.0,0.0,0.0,8.25,0.0,725.0,1087,137.5,12.65,21,100,28,,84.7
453,545.88,0.0,0.0,0.0,0.0,0.0,4.12,0.0,674.0,1011,192.5,4.4,21,100,90,,62.0
454,541.75,0.0,0.0,0.0,0.0,0.0,8.25,0.0,671.0,1007,192.5,6.6,21,100,90,,65.9
455,545.88,0.0,0.0,0.0,0.0,0.0,4.12,0.0,674.0,1011,192.5,4.4,21,100,90,,58.4
456,541.75,0.0,0.0,0.0,0.0,0.0,8.25,0.0,671.0,1007,192.5,6.6,21,100,90,,65.3
457,550.0,0.0,0.0,0.0,0.0,0.0,0.0,0.0,705.0,1057,165.0,3.85,21,100,90,,74.3
458,545.88,0.0,0.0,0.0,0.0,0.0,4.12,0.0,702.0,1052,165.0,6.6,21,100,90,,75.1
459,541.75,0.0,0.0,0.0,0.0,0.0,8.25,0.0,699.0,1049,165.0,8.25,21,100,90,,76.9
460,545.88,0.0,0.0,0.0,0.0,0.0,4.12,0.0,702.0,1052,165.0,6.6,21,100,90,,71.9
461,541.75,0.0,0.0,0.0,0.0,0.0,8.25,0.0,699.0,1049,165.0,8.25,21,100,90,,70.8
462,550.0,0.0,0.0,0.0,0.0,0.0,0.0,0.0,732.0,1098,137.5,6.6,21,100,90,,93.8
463,545.88,0.0,0.0,0.0,0.0,0.0,4.12,0.0,728.0,1092,137.5,9.9,21,100,90,,95.0
464,541.75,0.0,0.0,0.0,0.0,0.0,8.25,0.0,725.0,1087,137.5,12.65,21,100,90,,91.2
465,545.88,0.0,0.0,0.0,0.0,0.0,4.12,0.0,728.0,1092,137.5,9.9,21,100,90,,90.0
466,541.75,0.0,0.0,0.0,0.0,0.0,8.25,0.0,725.0,1087,137.5,12.65,21,100,90,,92.6
467,950.0,200.0,0.0,0.0,350.0,0.0,0.0,234.0,570.0,0,230.0,53.0,20,100,28,,140.7
468,950.0,200.0,0.0,0.0,350.0,0.0,0.0,234.0,690.0,0,230.0,53.0,20,100,28,,144.7
469,950.0,200.0,0.0,0.0,350.0,0.0,0.0,234.0,810.0,0,230.0,53.0,20,100,28,,144.5
470,863.0,216.0,0.0,0.0,0.0,0.0,0.0,0.0,923.0,0,177.0,32.37,20,100,7,,88.9
471,647.0,216.0,216.0,0.0,0.0,0.0,0.0,0.0,923.0,0,177.0,32.37,20,100,7,,86.7
472,432.0,216.0,216.0,216.0,0.0,0.0,0.0,0.0,923.0,0,177.0,32.4,20,100,7,,79.2
473,829.0,216.0,0.0,0.0,0.0,0.0,34.5,0.0,923.0,0,177.0,32.39,20,100,7,,91.1
474,852.0,216.0,0.0,0.0,0.0,0.0,10.8,0.0,923.0,0,177.0,32.36,20,100,7,,101.9
475,863.0,216.0,0.0,0.0,0.0,0.0,0.0,156.0,923.0,0,177.0,32.37,20,100,7,,103.7
476,647.0,216.0,216.0,0.0,0.0,0.0,0.0,156.0,923.0,0,177.0,32.37,20,100,7,,118.1
477,647.0,216.0,0.0,216.0,0.0,0.0,0.0,156.0,923.0,0,177.0,32.37,20,100,7,,118.7
478,432.0,216.0,216.0,216.0,0.0,0.0,0.0,156.0,923.0,0,177.0,32.4,20,100,7,,117.6
479,829.0,216.0,0.0,0.0,0.0,0.0,34.5,156.0,923.0,0,177.0,32.39,20,100,7,,118.7
480,852.0,216.0,0.0,0.0,0.0,0.0,10.8,156.0,923.0,0,177.0,32.36,20,100,7,,122.6
481,863.0,216.0,0.0,0.0,0.0,0.0,0.0,0.0,923.0,0,177.0,32.37,20,100,28,,104.1
482,647.0,216.0,216.0,0.0,0.0,0.0,0.0,0.0,923.0,0,177.0,32.37,20,100,28,,109.0
483,647.0,216.0,0.0,216.0,0.0,0.0,0.0,0.0,923.0,0,177.0,32.37,20,100,28,,109.0
484,432.0,216.0,216.0,216.0,0.0,0.0,0.0,0.0,923.0,0,177.0,32.4,20,100,28,,103.0
485,829.0,216.0,0.0,0.0,0.0,0.0,34.5,0.0,923.0,0,177.0,32.39,20,100,28,,113.9
486,852.0,216.0,0.0,0.0,0.0,0.0,10.8,0.0,923.0,0,177.0,32.36,20,100,28,,113.3
487,863.0,216.0,0.0,0.0,0.0,0.0,0.0,156.0,923.0,0,177.0,32.37,20,100,28,,142.1
488,647.0,216.0,216.0,0.0,0.0,0.0,0.0,156.0,923.0,0,177.0,32.37,20,100,28,,157.2
489,647.0,216.0,0.0,216.0,0.0,0.0,0.0,156.0,923.0,0,177.0,32.37,20,100,28,,156.0
490,432.0,216.0,216.0,216.0,0.0,0.0,0.0,156.0,923.0,0,177.0,32.4,20,100,28,,154.4
491,829.0,216.0,0.0,0.0,0.0,0.0,34.5,156.0,923.0,0,177.0,32.39,20,100,28,,156.0
492,852.0,216.0,0.0,0.0,0.0,0.0,10.8,156.0,923.0,0,177.0,32.36,20,100,28,,154.4
493,900.0,220.0,0.0,0.0,0.0,0.0,0.0,156.0,1005.0,0,163.0,40.0,23,100,7,,124.1
494,900.0,165.0,0.0,55.0,0.0,0.0,0.0,156.0,1021.0,0,163.0,40.0,23,100,7,,115.5
495,900.0,110.0,0.0,110.0,0.0,0.0,0.0,156.0,1036.0,0,163.0,40.0,23,100,7,,113.5
496,810.0,220.0,0.0,90.0,0.0,0.0,0.0,156.0,1002.0,0,163.0,40.0,23,100,7,,116.0
497,720.0,220.0,0.0,180.0,0.0,0.0,0.0,156.0,998.0,0,163.0,40.0,23,100,7,,116.5
498,630.0,220.0,0.0,270.0,0.0,0.0,0.0,156.0,994.0,0,163.0,40.0,23,100,7,,110.0
499,900.0,220.0,0.0,0.0,0.0,0.0,0.0,156.0,1005.0,0,163.0,40.0,23,100,14,,132.9
500,900.0,165.0,0.0,55.0,0.0,0.0,0.0,156.0,1021.0,0,163.0,40.0,23,100,14,,123.0
501,900.0,110.0,0.0,110.0,0.0,0.0,0.0,156.0,1036.0,0,163.0,40.0,23,100,14,,122.0
502,810.0,220.0,0.0,90.0,0.0,0.0,0.0,156.0,1002.0,0,163.0,40.0,23,100,14,,125.3
503,720.0,220.0,0.0,180.0,0.0,0.0,0.0,156.0,998.0,0,163.0,40.0,23,100,14,,125.1
504,630.0,220.0,0.0,270.0,0.0,0.0,0.0,156.0,994.0,0,163.0,40.0,23,100,14,,124.5
505,900.0,220.0,0.0,0.0,0.0,0.0,0.0,156.0,1005.0,0,163.0,40.0,23,100,28,,143.0
506,900.0,165.0,0.0,55.0,0.0,0.0,0.0,156.0,1021.0,0,163.0,40.0,23,100,28,,138.8
507,900.0,110.0,0.0,110.0,0.0,0.0,0.0,156.0,1036.0,0,163.0,40.0,23,100,28,,138.2
508,810.0,220.0,0.0,90.0,0.0,0.0,0.0,156.0,1002.0,0,163.0,40.0,23,100,28,,140.4
509,720.0,220.0,0.0,180.0,0.0,0.0,0.0,156.0,998.0,0,163.0,40.0,23,100,28,,132.2
510,630.0,220.0,0.0,270.0,0.0,0.0,0.0,156.0,994.0,0,163.0,40.0,23,100,28,,130.6
511,900.0,220.0,0.0,0.0,0.0,0.0,0.0,156.0,1005.0,0,163.0,40.0,23,100,56,,161.6
512,900.0,165.0,0.0,55.0,0.0,0.0,0.0,156.0,1021.0,0,163.0,40.0,23,100,56,,154.8
513,900.0,110.0,0.0,110.0,0.0,0.0,0.0,156.0,1036.0,0,163.0,40.0,23,100,56,,152.4
514,810.0,220.0,0.0,90.0,0.0,0.0,0.0,156.0,1002.0,0,163.0,40.0,23,100,56,,157.2
515,720.0,220.0,0.0,180.0,0.0,0.0,0.0,156.0,998.0,0,163.0,40.0,23,100,56,,153.7
516,630.0,220.0,0.0,270.0,0.0,0.0,0.0,156.0,994.0,0,163.0,40.0,23,100,56,,151.0
517,666.4,210.5,35.1,0.0,259.6,0.0,0.0,156.0,820.8,0,164.2,17.5,90,100,28,,144.7
518,631.4,210.5,70.1,0.0,259.6,0.0,0.0,156.0,820.8,0,164.2,17.5,90,100,28,,159.1
519,596.3,210.5,105.2,0.0,259.6,0.0,0.0,156.0,820.8,0,164.2,17.5,90,100,28,,147.4
520,561.2,210.5,140.3,0.0,259.6,0.0,0.0,156.0,820.8,0,164.2,17.5,90,100,28,,139.6
521,526.1,210.5,175.4,0.0,259.6,0.0,0.0,156.0,820.8,0,164.2,17.5,90,100,28,,130.6
522,701.5,210.5,0.0,0.0,259.6,0.0,0.0,156.0,820.8,0,164.2,17.5,200,100,28,,161.9
523,666.4,210.5,35.1,0.0,259.6,0.0,0.0,156.0,820.8,0,164.2,17.5,200,100,28,,170.1
524,631.4,210.5,70.1,0.0,259.6,0.0,0.0,156.0,820.8,0,164.2,17.5,200,100,28,,175.9
525,561.2,210.5,140.3,0.0,259.6,0.0,0.0,156.0,820.8,0,164.2,17.5,200,100,28,,179.1
526,620.2,114.2,0.0,164.9,0.0,0.0,0.0,156.0,1277.5,0,161.9,36.0,20,100,1,,91.1
527,558.1,114.2,62.0,164.9,0.0,0.0,0.0,156.0,1276.6,0,161.9,36.0,20,100,1,,77.9
528,620.2,114.2,0.0,164.9,0.0,0.0,0.0,156.0,1277.5,0,161.9,36.0,20,100,3,,113.8
529,558.1,114.2,62.0,164.9,0.0,0.0,0.0,156.0,1276.6,0,161.9,36.0,20,100,3,,102.7
530,620.2,114.2,0.0,164.9,0.0,0.0,0.0,156.0,1277.5,0,161.9,36.0,20,100,7,,134.2
531,558.1,114.2,62.0,164.9,0.0,0.0,0.0,156.0,1276.6,0,161.9,36.0,20,100,7,,130.5
532,496.1,114.2,124.0,164.9,0.0,0.0,0.0,156.0,1275.9,0,161.9,36.0,20,100,7,,129.8
533,434.1,114.2,186.0,164.9,0.0,0.0,0.0,156.0,1275.0,0,161.9,36.0,20,100,7,,121.7
534,558.1,114.2,62.0,164.9,0.0,0.0,0.0,156.0,1276.6,0,161.9,36.0,20,100,14,,160.5
535,496.1,114.2,124.0,164.9,0.0,0.0,0.0,156.0,1275.9,0,161.9,36.0,20,100,14,,162.0
536,434.1,114.2,186.0,164.9,0.0,0.0,0.0,156.0,1275.0,0,161.9,36.0,20,100,14,,153.9
537,558.1,114.2,62.0,164.9,0.0,0.0,0.0,156.0,1276.6,0,161.9,36.0,20,100,28,,170.7
538,496.1,114.2,124.0,164.9,0.0,0.0,0.0,156.0,1275.9,0,161.9,36.0,20,100,28,,175.8
539,434.1,114.2,186.0,164.9,0.0,0.0,0.0,156.0,1275.0,0,161.9,36.0,20,100,28,,168.4
540,863.2,215.8,0.0,0.0,0.0,0.0,0.0,0.0,1079.0,0,177.0,21.6,20,100,1,,36.1
541,857.8,215.8,0.0,0.0,0.0,0.0,5.4,0.0,1079.0,0,177.0,21.6,20,100,1,,42.2
542,852.4,215.8,0.0,0.0,0.0,0.0,10.8,0.0,1079.0,0,177.0,21.6,20,100,1,,47.7
543,847.0,215.8,0.0,0.0,0.0,0.0,16.2,0.0,1079.0,0,177.0,21.6,20,100,1,,53.1
544,841.6,215.8,0.0,0.0,0.0,0.0,21.6,0.0,1079.0,0,177.0,21.6,20,100,1,,53.1
545,863.2,215.8,0.0,0.0,0.0,0.0,0.0,0.0,1079.0,0,177.0,21.6,20,100,3,,75.6
546,857.8,215.8,0.0,0.0,0.0,0.0,5.4,0.0,1079.0,0,177.0,21.6,20,100,3,,81.7
547,852.4,215.8,0.0,0.0,0.0,0.0,10.8,0.0,1079.0,0,177.0,21.6,20,100,3,,85.1
548,847.0,215.8,0.0,0.0,0.0,0.0,16.2,0.0,1079.0,0,177.0,21.6,20,100,3,,87.8
549,841.6,215.8,0.0,0.0,0.0,0.0,21.6,0.0,1079.0,0,177.0,21.6,20,100,3,,81.7
550,863.2,215.8,0.0,0.0,0.0,0.0,0.0,0.0,1079.0,0,177.0,21.6,20,100,7,,83.7
551,857.8,215.8,0.0,0.0,0.0,0.0,5.4,0.0,1079.0,0,177.0,21.6,20,100,7,,92.6
552,852.4,215.8,0.0,0.0,0.0,0.0,10.8,0.0,1079.0,0,177.0,21.6,20,100,7,,102.1
553,847.0,215.8,0.0,0.0,0.0,0.0,16.2,0.0,1079.0,0,177.0,21.6,20,100,7,,105.5
554,841.6,215.8,0.0,0.0,0.0,0.0,21.6,0.0,1079.0,0,177.0,21.6,20,100,7,,102.8
555,863.2,215.8,0.0,0.0,0.0,0.0,0.0,0.0,1079.0,0,177.0,21.6,20,100,28,,103.5
556,857.8,215.8,0.0,0.0,0.0,0.0,5.4,0.0,1079.0,0,177.0,21.6,20,100,28,,108.3
557,852.4,215.8,0.0,0.0,0.0,0.0,10.8,0.0,1079.0,0,177.0,21.6,20,100,28,,113.7
558,847.0,215.8,0.0,0.0,0.0,0.0,16.2,0.0,1079.0,0,177.0,21.6,20,100,28,,112.3
559,841.6,215.8,0.0,0.0,0.0,0.0,21.6,0.0,1079.0,0,177.0,21.6,20,100,28,,110.3
560,863.2,215.8,0.0,0.0,0.0,0.0,0.0,0.0,1079.0,0,177.0,21.6,20,100,90,,119.8
561,857.8,215.8,0.0,0.0,0.0,0.0,5.4,0.0,1079.0,0,177.0,21.6,20,100,90,,128.0
562,852.4,215.8,0.0,0.0,0.0,0.0,10.8,0.0,1079.0,0,177.0,21.6,20,100,90,,130.7
563,847.0,215.8,0.0,0.0,0.0,0.0,16.2,0.0,1079.0,0,177.0,21.6,20,100,90,,123.2
564,841.6,215.8,0.0,0.0,0.0,0.0,21.6,0.0,1079.0,0,177.0,21.6,20,100,90,,117.8
565,750.0,144.0,0.0,200.0,0.0,0.0,0.0,0.0,990.0,0,182.0,38.0,20,100,3,,82.3
566,675.0,144.0,75.0,200.0,0.0,0.0,0.0,0.0,990.0,0,182.0,38.0,20,100,3,,68.9
567,600.0,144.0,150.0,200.0,0.0,0.0,0.0,0.0,990.0,0,182.0,36.0,20,100,3,,64.5
568,525.0,144.0,225.0,200.0,0.0,0.0,0.0,0.0,990.0,0,182.0,36.0,20,100,3,,60.7
569,450.0,144.0,300.0,200.0,0.0,0.0,0.0,0.0,990.0,0,182.0,34.0,20,100,3,,53.0
570,375.0,144.0,375.0,200.0,0.0,0.0,0.0,0.0,990.0,0,182.0,30.0,20,100,3,,48.1
571,750.0,144.0,0.0,200.0,0.0,0.0,0.0,0.0,990.0,0,182.0,38.0,20,100,7,,100.1
572,675.0,144.0,75.0,200.0,0.0,0.0,0.0,0.0,990.0,0,182.0,38.0,20,100,7,,90.0
573,600.0,144.0,150.0,200.0,0.0,0.0,0.0,0.0,990.0,0,182.0,36.0,20,100,7,,84.3
574,525.0,144.0,225.0,200.0,0.0,0.0,0.0,0.0,990.0,0,182.0,36.0,20,100,7,,82.3
575,450.0,144.0,300.0,200.0,0.0,0.0,0.0,0.0,990.0,0,182.0,34.0,20,100,7,,78.0
576,375.0,144.0,375.0,200.0,0.0,0.0,0.0,0.0,990.0,0,182.0,30.0,20,100,7,,70.3
577,750.0,144.0,0.0,200.0,0.0,0.0,0.0,0.0,990.0,0,182.0,38.0,20,100,28,,121.8
578,675.0,144.0,75.0,200.0,0.0,0.0,0.0,0.0,990.0,0,182.0,38.0,20,100,28,,125.2
579,600.0,144.0,150.0,200.0,0.0,0.0,0.0,0.0,990.0,0,182.0,36.0,20,100,28,,127.6
580,525.0,144.0,225.0,200.0,0.0,0.0,0.0,0.0,990.0,0,182.0,36.0,20,100,28,,127.1
581,450.0,144.0,300.0,200.0,0.0,0.0,0.0,0.0,990.0,0,182.0,34.0,20,100,28,,122.3
582,375.0,144.0,375.0,200.0,0.0,0.0,0.0,0.0,990.0,0,182.0,30.0,20,100,28,,116.0
583,960.0,240.0,0.0,0.0,0.0,0.0,0.0,0.0,793.7,0,234.0,45.0,23,100,7,,107.6
584,960.0,240.0,0.0,0.0,0.0,0.0,0.0,19.5,787.1,0,234.0,45.0,23,100,7,,119.3
585,960.0,240.0,0.0,0.0,0.0,0.0,0.0,39.0,780.5,0,234.0,45.0,23,100,7,,121.8
586,960.0,240.0,0.0,0.0,0.0,0.0,0.0,58.5,773.8,0,234.0,45.0,23,100,7,,124.2
587,960.0,240.0,0.0,0.0,0.0,0.0,0.0,78.0,767.2,0,234.0,45.0,23,100,7,,126.9
588,960.0,240.0,0.0,0.0,0.0,0.0,0.0,117.0,754.0,0,234.0,45.0,23,100,7,,129.2
589,960.0,240.0,0.0,0.0,0.0,0.0,0.0,156.0,740.7,0,234.0,45.0,23,100,7,,136.6
590,960.0,240.0,0.0,0.0,0.0,0.0,0.0,19.5,786.4,0,234.0,45.0,23,100,7,,118.1
591,960.0,240.0,0.0,0.0,0.0,0.0,0.0,39.0,779.2,0,234.0,45.0,23,100,7,,120.2
592,960.0,240.0,0.0,0.0,0.0,0.0,0.0,58.5,771.9,0,234.0,45.0,23,100,7,,122.6
593,960.0,240.0,0.0,0.0,0.0,0.0,0.0,78.0,764.7,0,234.0,45.0,23,100,7,,127.4
594,960.0,240.0,0.0,0.0,0.0,0.0,0.0,117.0,720.7,0,234.0,57.0,23,100,7,,130.0
595,960.0,240.0,0.0,0.0,0.0,0.0,0.0,156.0,706.2,0,234.0,57.0,23,100,7,,132.4
596,960.0,240.0,0.0,0.0,0.0,0.0,0.0,0.0,793.7,0,234.0,45.0,23,100,28,,136.6
597,960.0,240.0,0.0,0.0,0.0,0.0,0.0,19.5,787.1,0,234.0,45.0,23,100,28,,148.7
598,960.0,240.0,0.0,0.0,0.0,0.0,0.0,39.0,780.5,0,234.0,45.0,23,100,28,,150.1
599,960.0,240.0,0.0,0.0,0.0,0.0,0.0,58.5,773.8,0,234.0,45.0,23,100,28,,152.5
600,960.0,240.0,0.0,0.0,0.0,0.0,0.0,78.0,767.2,0,234.0,45.0,23,100,28,,154.8
601,960.0,240.0,0.0,0.0,0.0,0.0,0.0,117.0,754.0,0,234.0,45.0,23,100,28,,160.6
602,960.0,240.0,0.0,0.0,0.0,0.0,0.0,156.0,740.7,0,234.0,45.0,23,100,28,,162.8
603,960.0,240.0,0.0,0.0,0.0,0.0,0.0,19.5,786.4,0,234.0,45.0,23,100,28,,144.5
604,960.0,240.0,0.0,0.0,0.0,0.0,0.0,39.0,779.2,0,234.0,45.0,23,100,28,,148.6
605,960.0,240.0,0.0,0.0,0.0,0.0,0.0,58.5,771.9,0,234.0,45.0,23,100,28,,151.8
606,960.0,240.0,0.0,0.0,0.0,0.0,0.0,78.0,764.7,0,234.0,45.0,23,100,28,,154.8
607,960.0,240.0,0.0,0.0,0.0,0.0,0.0,117.0,720.7,0,234.0,57.0,23,100,28,,156.2
608,960.0,240.0,0.0,0.0,0.0,0.0,0.0,156.0,706.2,0,234.0,57.0,23,100,28,,160.1
609,960.0,240.0,0.0,0.0,0.0,0.0,0.0,0.0,793.7,0,234.0,45.0,23,100,56,,150.1
610,960.0,240.0,0.0,0.0,0.0,0.0,0.0,19.5,787.1,0,234.0,45.0,23,100,56,,163.1
611,960.0,240.0,0.0,0.0,0.0,0.0,0.0,39.0,780.5,0,234.0,45.0,23,100,56,,166.2
612,960.0,240.0,0.0,0.0,0.0,0.0,0.0,58.5,773.8,0,234.0,45.0,23,100,56,,167.6
613,960.0,240.0,0.0,0.0,0.0,0.0,0.0,78.0,767.2,0,234.0,45.0,23,100,56,,170.7
614,960.0,240.0,0.0,0.0,0.0,0.0,0.0,117.0,754.0,0,234.0,45.0,23,100,56,,172.7
615,960.0,240.0,0.0,0.0,0.0,0.0,0.0,156.0,740.7,0,234.0,45.0,23,100,56,,173.2
616,960.0,240.0,0.0,0.0,0.0,0.0,0.0,19.5,786.4,0,234.0,45.0,23,100,56,,160.9
617,960.0,240.0,0.0,0.0,0.0,0.0,0.0,39.0,779.2,0,234.0,45.0,23,100,56,,163.3
618,960.0,240.0,0.0,0.0,0.0,0.0,0.0,58.5,771.9,0,234.0,45.0,23,100,56,,164.7
619,960.0,240.0,0.0,0.0,0.0,0.0,0.0,78.0,764.7,0,234.0,45.0,23,100,56,,164.9
620,960.0,240.0,0.0,0.0,0.0,0.0,0.0,117.0,720.7,0,234.0,57.0,23,100,56,,165.5
621,960.0,240.0,0.0,0.0,0.0,0.0,0.0,156.0,706.2,0,234.0,57.0,23,100,56,,166.7
622,960.0,240.0,0.0,0.0,0.0,0.0,0.0,0.0,793.7,0,234.0,45.0,23,100,90,,156.1
623,960.0,240.0,0.0,0.0,0.0,0.0,0.0,19.5,787.1,0,234.0,45.0,23,100,90,,167.8
624,960.0,240.0,0.0,0.0,0.0,0.0,0.0,39.0,780.5,0,234.0,45.0,23,100,90,,169.4
625,960.0,240.0,0.0,0.0,0.0,0.0,0.0,58.5,773.8,0,234.0,45.0,23,100,90,,170.5
626,960.0,240.0,0.0,0.0,0.0,0.0,0.0,78.0,767.2,0,234.0,45.0,23,100,90,,173.6
627,960.0,240.0,0.0,0.0,0.0,0.0,0.0,117.0,754.0,0,234.0,45.0,23,100,90,,176.8
628,960.0,240.0,0.0,0.0,0.0,0.0,0.0,156.0,740.7,0,234.0,45.0,23,100,90,,180.3
629,960.0,240.0,0.0,0.0,0.0,0.0,0.0,19.5,786.4,0,234.0,45.0,23,100,90,,165.1
630,960.0,240.0,0.0,0.0,0.0,0.0,0.0,39.0,779.2,0,234.0,45.0,23,100,90,,167.7
631,960.0,240.0,0.0,0.0,0.0,0.0,0.0,58.5,771.9,0,234.0,45.0,23,100,90,,167.9
632,960.0,240.0,0.0,0.0,0.0,0.0,0.0,78.0,764.7,0,234.0,45.0,23,100,90,,169.1
633,960.0,240.0,0.0,0.0,0.0,0.0,0.0,117.0,720.7,0,234.0,57.0,23,100,90,,170.9
634,960.0,240.0,0.0,0.0,0.0,0.0,0.0,156.0,706.2,0,234.0,57.0,23,100,90,,172.5
635,960.0,240.0,0.0,0.0,0.0,0.0,0.0,0.0,793.7,0,234.0,45.0,23,100,180,,161.3
636,960.0,240.0,0.0,0.0,0.0,0.0,0.0,19.5,787.1,0,234.0,45.0,23,100,180,,169.8
637,960.0,240.0,0.0,0.0,0.0,0.0,0.0,39.0,780.5,0,234.0,45.0,23,100,180,,170.9
638,960.0,240.0,0.0,0.0,0.0,0.0,0.0,58.5,773.8,0,234.0,45.0,23,100,180,,172.3
639,960.0,240.0,0.0,0.0,0.0,0.0,0.0,78.0,767.2,0,234.0,45.0,23,100,180,,175.2
640,960.0,240.0,0.0,0.0,0.0,0.0,0.0,117.0,754.0,0,234.0,45.0,23,100,180,,178.1
641,960.0,240.0,0.0,0.0,0.0,0.0,0.0,156.0,740.7,0,234.0,45.0,23,100,180,,182.4
642,960.0,240.0,0.0,0.0,0.0,0.0,0.0,19.5,786.4,0,234.0,45.0,23,100,180,,167.9
643,960.0,240.0,0.0,0.0,0.0,0.0,0.0,39.0,779.2,0,234.0,45.0,23,100,180,,169.1
644,960.0,240.0,0.0,0.0,0.0,0.0,0.0,58.5,771.9,0,234.0,45.0,23,100,180,,170.3
645,960.0,240.0,0.0,0.0,0.0,0.0,0.0,78.0,764.7,0,234.0,45.0,23,100,180,,172.5
646,960.0,240.0,0.0,0.0,0.0,0.0,0.0,117.0,720.7,0,234.0,57.0,23,100,180,,174.2
647,960.0,240.0,0.0,0.0,0.0,0.0,0.0,156.0,706.2,0,234.0,57.0,23,100,180,,177.2
648,472.0,262.0,315.0,0.0,0.0,0.0,0.0,0.0,1049.0,0,178.0,21.0,23,100,7,,94.5
649,472.0,262.0,315.0,0.0,0.0,0.0,0.0,156.0,1049.0,0,178.0,21.0,23,100,7,,115.0
650,472.0,262.0,315.0,0.0,0.0,0.0,0.0,156.0,1049.0,0,178.0,21.0,23,100,7,,120.9
651,472.0,262.0,315.0,0.0,0.0,0.0,0.0,156.0,1049.0,0,178.0,21.0,23,100,7,,108.8
652,472.0,262.0,315.0,0.0,0.0,0.0,0.0,0.0,1049.0,0,178.0,21.0,23,100,28,,98.3
653,472.0,262.0,315.0,0.0,0.0,0.0,0.0,156.0,1049.0,0,178.0,21.0,23,100,28,,134.3
654,472.0,262.0,315.0,0.0,0.0,0.0,0.0,156.0,1049.0,0,178.0,21.0,23,100,28,,143.5
655,472.0,262.0,315.0,0.0,0.0,0.0,0.0,156.0,1049.0,0,178.0,21.0,23,100,28,,127.6
656,472.0,262.0,315.0,0.0,0.0,0.0,0.0,156.0,1049.0,0,178.0,21.0,23,100,28,,123.4
657,472.0,262.0,315.0,0.0,0.0,0.0,0.0,156.0,1049.0,0,178.0,21.0,23,100,28,,120.5
658,680.0,120.0,0.0,0.0,0.0,0.0,0.0,0.0,1462.0,0,160.0,9.59,23,100,7,,63.7
659,640.0,160.0,0.0,0.0,0.0,0.0,0.0,0.0,1446.4,0,160.0,9.6,23,100,7,,57.4
660,600.0,200.0,0.0,0.0,0.0,0.0,0.0,0.0,1434.0,0,160.0,9.6,23,100,7,,60.5
661,680.0,120.0,0.0,0.0,0.0,0.0,0.0,0.0,1502.8,0,144.0,9.59,23,100,7,,68.49
662,680.0,120.0,0.0,0.0,0.0,0.0,0.0,0.0,1421.2,0,176.0,9.59,23,100,7,,55.32
663,680.0,120.0,0.0,0.0,0.0,0.0,0.0,0.0,1462.0,0,160.0,11.22,23,100,7,,63.22
664,680.0,120.0,0.0,0.0,0.0,0.0,0.0,0.0,1468.8,0,160.0,8.02,23,100,7,,58.83
665,765.0,135.0,0.0,0.0,0.0,0.0,0.0,0.0,1315.8,0,180.0,10.79,23,100,7,,66.8
666,720.0,180.0,0.0,0.0,0.0,0.0,0.0,0.0,1303.2,0,180.0,10.8,23,100,7,,69.2
667,675.0,225.0,0.0,0.0,0.0,0.0,0.0,0.0,1289.25,0,180.0,10.8,23,100,7,,64.5
668,720.0,180.0,0.0,0.0,0.0,0.0,0.0,0.0,1353.6,0,162.0,10.8,23,100,7,,72.0
669,720.0,180.0,0.0,0.0,0.0,0.0,0.0,0.0,1260.0,0,198.0,10.8,23,100,7,,64.1
670,720.0,180.0,0.0,0.0,0.0,0.0,0.0,0.0,1296.0,0,180.0,12.6,23,100,7,,70.24
671,720.0,180.0,0.0,0.0,0.0,0.0,0.0,0.0,1310.4,0,180.0,9.0,23,100,7,,67.61
672,850.0,150.0,0.0,0.0,0.0,0.0,0.0,0.0,1173.0,0,200.0,11.99,23,100,7,,72.3
673,800.0,200.0,0.0,0.0,0.0,0.0,0.0,0.0,1160.0,0,200.0,12.0,23,100,7,,73.1
674,750.0,250.0,0.0,0.0,0.0,0.0,0.0,0.0,1140.0,0,200.0,12.0,23,100,7,,67.6
675,850.0,150.0,0.0,0.0,0.0,0.0,0.0,0.0,1224.0,0,180.0,11.99,23,100,7,,74.63
676,850.0,150.0,0.0,0.0,0.0,0.0,0.0,0.0,1122.0,0,220.0,11.99,23,100,7,,67.61
677,850.0,150.0,0.0,0.0,0.0,0.0,0.0,0.0,1173.0,0,200.0,14.03,23,100,7,,72.88
678,850.0,150.0,0.0,0.0,0.0,0.0,0.0,0.0,1181.5,0,200.0,10.03,23,100,7,,69.37
679,680.0,120.0,0.0,0.0,0.0,0.0,0.0,0.0,1462.0,0,160.0,9.59,23,100,28,,118.7
680,640.0,160.0,0.0,0.0,0.0,0.0,0.0,0.0,1446.4,0,160.0,9.6,23,100,28,,113.2
681,680.0,120.0,0.0,0.0,0.0,0.0,0.0,0.0,1502.8,0,144.0,9.59,23,100,28,,122.93
682,680.0,120.0,0.0,0.0,0.0,0.0,0.0,0.0,1421.2,0,176.0,9.59,23,100,28,,108.88
683,680.0,120.0,0.0,0.0,0.0,0.0,0.0,0.0,1462.0,0,160.0,11.22,23,100,28,,122.05
684,680.0,120.0,0.0,0.0,0.0,0.0,0.0,0.0,1468.8,0,160.0,8.02,23,100,28,,111.51
685,765.0,135.0,0.0,0.0,0.0,0.0,0.0,0.0,1315.8,0,180.0,10.79,23,100,28,,122.6
686,720.0,180.0,0.0,0.0,0.0,0.0,0.0,0.0,1303.2,0,180.0,10.8,23,100,28,,124.2
687,675.0,225.0,0.0,0.0,0.0,0.0,0.0,0.0,1289.25,0,180.0,10.8,23,100,28,,123.4
688,720.0,180.0,0.0,0.0,0.0,0.0,0.0,0.0,1353.6,0,162.0,10.8,23,100,28,,128.2
689,720.0,180.0,0.0,0.0,0.0,0.0,0.0,0.0,1260.0,0,198.0,10.8,23,100,28,,122.05
690,720.0,180.0,0.0,0.0,0.0,0.0,0.0,0.0,1296.0,0,180.0,12.6,23,100,28,,127.32
691,720.0,180.0,0.0,0.0,0.0,0.0,0.0,0.0,1310.4,0,180.0,9.0,23,100,28,,125.56
692,850.0,150.0,0.0,0.0,0.0,0.0,0.0,0.0,1173.0,0,200.0,11.99,23,100,28,,128.1
693,800.0,200.0,0.0,0.0,0.0,0.0,0.0,0.0,1160.0,0,200.0,12.0,23,100,28,,126.6
694,750.0,250.0,0.0,0.0,0.0,0.0,0.0,0.0,1140.0,0,200.0,12.0,23,100,28,,125.0
695,850.0,150.0,0.0,0.0,0.0,0.0,0.0,0.0,1224.0,0,180.0,11.99,23,100,28,,132.59
696,850.0,150.0,0.0,0.0,0.0,0.0,0.0,0.0,1122.0,0,220.0,11.99,23,100,28,,122.93
697,850.0,150.0,0.0,0.0,0.0,0.0,0.0,0.0,1173.0,0,200.0,14.03,23,100,28,,129.95
698,850.0,150.0,0.0,0.0,0.0,0.0,0.0,0.0,1181.5,0,200.0,10.03,23,100,28,,127.32
699,729.0,182.0,0.0,0.0,0.0,0.0,0.0,156.0,920.0,230,182.0,27.0,20,100,28,,148.0
700,365.0,183.0,365.0,0.0,0.0,0.0,0.0,156.0,920.0,230,183.0,17.0,20,100,28,,151.0
701,480.0,171.0,0.0,206.0,0.0,0.0,0.0,156.0,920.0,230,171.0,33.0,20,100,28,,157.0
702,863.0,216.0,0.0,0.0,0.0,0.0,0.0,0.0,1079.0,0,177.0,21.6,23,100,1,,35.68
703,858.0,216.0,0.0,0.0,0.0,0.0,5.4,0.0,1079.0,0,177.0,21.6,23,100,1,,42.39
704,852.0,216.0,0.0,0.0,0.0,0.0,10.8,0.0,1079.0,0,177.0,21.6,23,100,1,,48.2
705,847.0,216.0,0.0,0.0,0.0,0.0,16.2,0.0,1079.0,0,177.0,21.6,23,100,1,,53.38
706,842.0,216.0,0.0,0.0,0.0,0.0,21.6,0.0,1079.0,0,177.0,21.6,23,100,1,,53.08
707,863.0,216.0,0.0,0.0,0.0,0.0,0.0,0.0,1079.0,0,177.0,21.6,23,100,3,,75.05
708,858.0,216.0,0.0,0.0,0.0,0.0,5.4,0.0,1079.0,0,177.0,21.6,23,100,3,,82.07
709,852.0,216.0,0.0,0.0,0.0,0.0,10.8,0.0,1079.0,0,177.0,21.6,23,100,3,,85.12
710,847.0,216.0,0.0,0.0,0.0,0.0,16.2,0.0,1079.0,0,177.0,21.6,23,100,3,,87.88
711,842.0,216.0,0.0,0.0,0.0,0.0,21.6,0.0,1079.0,0,177.0,21.6,23,100,3,,82.09
712,863.0,216.0,0.0,0.0,0.0,0.0,0.0,0.0,1079.0,0,177.0,21.6,23,100,7,,92.48
713,858.0,216.0,0.0,0.0,0.0,0.0,5.4,0.0,1079.0,0,177.0,21.6,23,100,7,,92.79
714,852.0,216.0,0.0,0.0,0.0,0.0,10.8,0.0,1079.0,0,177.0,21.6,23,100,7,,101.64
715,847.0,216.0,0.0,0.0,0.0,0.0,16.2,0.0,1079.0,0,177.0,21.6,23,100,7,,106.22
716,842.0,216.0,0.0,0.0,0.0,0.0,21.6,0.0,1079.0,0,177.0,21.6,23,100,7,,103.18
717,863.0,216.0,0.0,0.0,0.0,0.0,0.0,0.0,1079.0,0,177.0,21.6,23,100,28,,103.81
718,858.0,216.0,0.0,0.0,0.0,0.0,5.4,0.0,1079.0,0,177.0,21.6,23,100,28,,108.09
719,852.0,216.0,0.0,0.0,0.0,0.0,10.8,0.0,1079.0,0,177.0,21.6,23,100,28,,113.58
720,847.0,216.0,0.0,0.0,0.0,0.0,16.2,0.0,1079.0,0,177.0,21.6,23,100,28,,112.68
721,842.0,216.0,0.0,0.0,0.0,0.0,21.6,0.0,1079.0,0,177.0,21.6,23,100,28,,110.25
722,863.0,216.0,0.0,0.0,0.0,0.0,0.0,0.0,1079.0,0,177.0,21.6,23,100,28,,119.41
723,858.0,216.0,0.0,0.0,0.0,0.0,5.4,0.0,1079.0,0,177.0,21.6,23,100,28,,128.26
724,852.0,216.0,0.0,0.0,0.0,0.0,10.8,0.0,1079.0,0,177.0,21.6,23,100,28,,129.79
725,847.0,216.0,0.0,0.0,0.0,0.0,16.2,0.0,1079.0,0,177.0,21.6,23,100,28,,124.0
726,842.0,216.0,0.0,0.0,0.0,0.0,21.6,0.0,1079.0,0,177.0,21.6,23,100,28,,117.62
727,1251.2,291.3,0.0,0.0,0.0,0.0,0.0,0.0,407.8,0,201.4,28.2,23,100,1,,82.81
728,825.8,192.3,0.0,0.0,0.0,486.2,0.0,0.0,444.4,0,201.4,10.5,23,100,1,,70.14
729,575.6,134.0,0.0,0.0,0.0,772.2,0.0,0.0,455.7,0,201.4,5.1,23,100,1,,33.49
730,1251.2,291.3,0.0,0.0,0.0,0.0,0.0,0.0,407.8,0,201.4,28.2,23,100,3,,112.69
731,825.8,192.3,0.0,0.0,0.0,486.2,0.0,0.0,444.4,0,201.4,10.5,23,100,3,,116.31
732,1251.2,291.3,0.0,0.0,0.0,0.0,0.0,0.0,407.8,0,201.4,28.2,23,100,7,,124.94
733,1251.2,291.3,0.0,0.0,0.0,0.0,0.0,0.0,407.8,0,201.4,28.2,23,100,14,,140.83
734,825.8,192.3,0.0,0.0,0.0,486.2,0.0,0.0,444.4,0,201.4,10.5,23,100,14,,148.52
735,575.6,134.0,0.0,0.0,0.0,772.2,0.0,0.0,455.7,0,201.4,5.1,23,100,14,,142.64
736,1251.2,291.3,0.0,0.0,0.0,0.0,0.0,0.0,407.8,0,201.4,28.2,23,100,28,,147.27
737,825.8,192.3,0.0,0.0,0.0,486.2,0.0,0.0,444.4,0,201.4,10.5,23,100,28,,167.18
738,575.6,134.0,0.0,0.0,0.0,772.2,0.0,0.0,455.7,0,201.4,5.1,23,100,28,,155.87
739,1251.2,291.3,0.0,0.0,0.0,0.0,0.0,0.0,407.8,0,201.4,28.2,23,100,56,,156.53
740,575.6,134.0,0.0,0.0,0.0,772.2,0.0,0.0,455.7,0,201.4,5.1,23,100,56,,171.0
741,788.5,433.7,0.0,0.0,0.0,0.0,0.0,0.0,867.4,0,160.3,52.6,23,100,28,,195.2
742,788.5,433.7,0.0,0.0,0.0,0.0,0.0,156.0,867.4,0,160.3,52.6,23,100,28,,220.2
743,788.5,433.7,0.0,0.0,0.0,0.0,0.0,156.0,867.4,0,160.3,52.6,23,100,28,,209.6
744,788.5,433.7,0.0,0.0,0.0,0.0,0.0,156.0,867.4,0,160.3,52.6,23,100,28,,201.4
745,788.5,433.7,0.0,0.0,0.0,0.0,0.0,156.0,867.4,0,160.3,52.6,23,100,28,,218.4
746,788.5,433.7,0.0,0.0,0.0,0.0,0.0,156.0,867.4,0,160.3,52.6,23,100,28,,218.5
747,788.5,433.7,0.0,0.0,0.0,0.0,0.0,156.0,867.4,0,160.3,52.6,23,100,28,,205.1
748,788.5,433.7,0.0,0.0,0.0,0.0,0.0,39.0,867.4,0,160.3,52.6,23,100,28,,209.4
749,788.5,433.7,0.0,0.0,0.0,0.0,0.0,78.0,867.4,0,160.3,52.6,23,100,28,,199.6
750,788.5,433.7,0.0,0.0,0.0,0.0,0.0,117.0,867.4,0,160.3,52.6,23,100,28,,209.7
751,788.5,433.7,0.0,0.0,0.0,0.0,0.0,39.0,867.4,0,160.3,52.6,23,100,28,,198.6
752,788.5,433.7,0.0,0.0,0.0,0.0,0.0,78.0,867.4,0,160.3,52.6,23,100,28,,208.4
753,788.5,433.7,0.0,0.0,0.0,0.0,0.0,117.0,867.4,0,160.3,52.6,23,100,28,,220.5
754,788.5,433.7,0.0,0.0,0.0,0.0,0.0,39.0,867.4,0,160.3,52.6,23,100,28,,211.2
755,788.5,433.7,0.0,0.0,0.0,0.0,0.0,78.0,867.4,0,160.3,52.6,23,100,28,,186.7
756,788.5,433.7,0.0,0.0,0.0,0.0,0.0,117.0,867.4,0,160.3,52.6,23,100,28,,218.1
757,946.0,71.0,0.0,166.0,0.0,47.0,0.0,0.0,344.0,516,166.0,35.76,23,98,3,,120.77
758,784.0,157.0,0.0,0.0,0.0,235.0,0.0,0.0,330.0,493,171.0,39.66,23,98,3,,102.73
759,937.0,70.0,0.0,164.0,0.0,47.0,0.0,78.0,340.0,511,164.0,36.82,23,98,3,,108.74
760,777.0,155.0,0.0,0.0,0.0,233.0,0.0,78.0,326.0,490,169.0,40.64,23,98,3,,101.09
761,946.0,71.0,0.0,166.0,0.0,47.0,0.0,0.0,344.0,516,166.0,35.76,23,98,14,,131.69
762,784.0,157.0,0.0,0.0,0.0,235.0,0.0,0.0,330.0,493,171.0,39.66,23,98,14,,118.03
763,937.0,70.0,0.0,164.0,0.0,47.0,0.0,78.0,340.0,511,164.0,36.82,23,98,14,,123.5
764,777.0,155.0,0.0,0.0,0.0,233.0,0.0,78.0,326.0,490,169.0,40.64,23,98,14,,110.93
765,946.0,71.0,0.0,166.0,0.0,47.0,0.0,0.0,344.0,516,166.0,35.76,23,98,28,,144.81
766,784.0,157.0,0.0,0.0,0.0,235.0,0.0,0.0,330.0,493,171.0,39.66,23,98,28,,127.87
767,937.0,70.0,0.0,164.0,0.0,47.0,0.0,78.0,340.0,511,164.0,36.82,23,98,28,,150.82
768,777.0,155.0,0.0,0.0,0.0,233.0,0.0,78.0,326.0,490,169.0,40.64,23,98,28,,134.43
769,946.0,71.0,0.0,166.0,0.0,47.0,0.0,0.0,344.0,516,166.0,35.76,23,98,90,,160.66
770,784.0,157.0,0.0,0.0,0.0,235.0,0.0,0.0,330.0,493,171.0,39.66,23,98,90,,150.82
771,937.0,70.0,0.0,164.0,0.0,47.0,0.0,78.0,340.0,511,164.0,36.82,23,98,90,,166.67
772,777.0,155.0,0.0,0.0,0.0,233.0,0.0,78.0,326.0,490,169.0,40.64,23,98,90,,151.91
773,792.0,264.0,0.0,0.0,0.0,0.0,0.0,156.0,1056.0,0,173.0,21.1,20,100,3,,102.86
774,784.0,261.0,0.0,0.0,0.0,0.0,0.0,234.0,1045.0,0,171.0,20.9,20,100,3,,106.0
775,809.0,270.0,0.0,0.0,0.0,0.0,0.0,0.0,1079.0,0,177.0,21.6,20,100,7,,92.77
776,800.0,267.0,0.0,0.0,0.0,0.0,0.0,78.0,1067.0,0,175.0,21.3,20,100,7,,110.42
777,792.0,264.0,0.0,0.0,0.0,0.0,0.0,156.0,1056.0,0,173.0,21.1,20,100,7,,123.66
778,784.0,261.0,0.0,0.0,0.0,0.0,0.0,234.0,1045.0,0,171.0,20.9,20,100,7,,128.07
779,809.0,270.0,0.0,0.0,0.0,0.0,0.0,0.0,1079.0,0,177.0,21.6,20,100,28,,106.0
780,800.0,267.0,0.0,0.0,0.0,0.0,0.0,78.0,1067.0,0,175.0,21.3,20,100,28,,129.96
781,792.0,264.0,0.0,0.0,0.0,0.0,0.0,156.0,1056.0,0,173.0,21.1,20,100,28,,150.13
782,784.0,261.0,0.0,0.0,0.0,0.0,0.0,234.0,1045.0,0,171.0,20.9,20,100,28,,158.32
783,800.0,267.0,0.0,0.0,0.0,0.0,0.0,78.0,1067.0,0,175.0,21.3,20,100,90,,148.87
784,792.0,264.0,0.0,0.0,0.0,0.0,0.0,156.0,1056.0,0,173.0,21.1,20,100,90,,161.47
785,784.0,261.0,0.0,0.0,0.0,0.0,0.0,234.0,1045.0,0,171.0,20.9,20,100,90,,166.51
